A,0.03919611881311208
AA,3.0410840298643853
AAC,0.0
AAIC,0.08598890224332288
AAN,0.11975681122369397
AAP,1.4358267873096762
AAQC,0.0
AAT,0.009829130653337629
AB,0.2807665677754178
ABB,0.0847573632538259
ABBV,0.36966536810912576
ABC,0.07207832296306137
ABEV,0.03180619235591761
ABG,0.03793983093291972
ABM,0.0015360033826953045
ABR,0.1904928221690612
ABT,0.02431413221457908
ACA,0.014684836786642275
ACB,0.37668937604058217
ACC,0.014048082355338736
ACCO,0.08318259011341667
ACEL,0.03278312312002397
ACH,0.0018947780129526717
ACI,0.06954226913173796
ACII,0.0
ACM,0.20865543450295632
ACN,0.06580957864460331
ACND,0.0
ACP,0.0
ACRE,0.2541472864417753
ACV,0.0
ADC,0.04167752217735624
ADCT,0.05670729624241759
ADEX,0.0
ADM,0.20619565943647503
ADNT,2.8715257110294043
ADS,2.018553831479506
ADT,0.2439286534797977
ADX,0.0
AEB,0.0
AEE,0.07363238957844528
AEFC,0.0
AEG,0.010162754653596168
AEL,-0.011521004978114093
AEM,0.44053769634945356
AENZ,0.0
AEO,0.17337974002081272
AER,0.25440411681570596
AES,0.09144288083739124
AESC,0.0
AEVA,0.26493191489361717
AFB,0.0
AFG,0.027214099312619876
AFI,0.34317427640183273
AFL,0.2947514901093495
AFT,0.0
AG,6.676093197112341
AGAC,0.0
AGCB,-0.0067577777777777775
AGCO,-0.07043153715696496
AGD,0.0
AGI,0.5647447874274655
AGL,0.015228962665533675
AGO,0.29542828022289486
AGR,0.00461694727923181
AGRO,0.21681774920606292
AGS,0.1234832356133696
AGTI,0.0
AGX,0.03590233150136555
AHC,0.030197841555701745
AHH,-0.007657514524953558
AHT,2.1683724075467805
AI,-0.6218738413354805
AIF,0.0
AIG,0.3879486668809432
AIN,0.0015342019543973947
AIO,0.0
AIR,1.1234854253832898
AIRC,0.06057611459715454
AIT,0.0036387604364422938
AIV,0.8722382663442786
AIZ,0.10960969218810632
AIZN,0.0
AJG,0.08318924514533838
AJRD,0.012041993528997107
AJX,0.05183165558498867
AKR,0.04777901441981623
AL,-0.053595361722207295
ALB,0.5161562499887553
ALC,0.03272141284770864
ALE,-0.003293611675231605
ALEX,0.02471888865194689
ALG,0.03776415281385586
ALK,1.095538927528141
ALL,0.41010456236254467
ALLE,0.020625019442231593
ALLY,1.421155837050031
ALSN,0.01728881447023473
ALTG,-0.060162777224464795
ALV,0.05152698366035689
AM,0.4195803995107402
AMBC,0.009779617566062517
AMC,10.7473098974985
AMCR,0.006005229179450105
AME,0.019773498585496433
AMG,0.04931158749894083
AMH,0.08013537700827916
AMK,0.0
AMN,0.12153772631310228
AMOV,0.0
AMP,0.03681484366158563
AMPI,0.0
AMPY,0.8636514184490715
AMR,0.25944693329139756
AMRC,0.1406651703427293
AMRX,0.020792891569507983
AMT,0.32250515340375174
AMWL,-0.5244024960699862
AMX,0.0008040740975908125
AN,0.2686723840184447
ANAC,0.0
ANET,0.5505369598456221
ANF,2.1763836548426005
ANTM,0.3118126371284728
AOD,0.0
AON,0.586454964551972
AONE,1.2323181395348837
AOS,0.03916117499112457
AP,0.41093962390946126
APAM,-0.001086979293183316
APD,0.1526862765434661
APG,0.04256585456002531
APGB,0.0
APH,0.005819826827848509
APLE,-0.008499381890775044
APO,1.1041929813756561
APRN,1.2093468499123887
APSG,0.0
APTS,0.21518389723490408
APTV,-0.003656954621872936
AQN,0.0014665236108797693
AQNA,0.0
AQNB,0.0
AQUA,0.2207870276897752
AR,6.877510383067635
ARC,-0.40825747181255817
ARCH,0.3480291211002438
ARCO,0.09627097460053144
ARD,0.5356386031374
ARDC,0.0
ARE,0.020670454478275757
ARES,0.037414105199924386
ARGO,0.0
ARI,0.09907025861273974
ARL,0.0
ARLO,0.33741325693988167
ARMK,-0.12556687984883122
ARNC,0.29026788921307933
AROC,-0.022110427949533492
ARR,0.05515465956401754
ARW,0.2337707775885834
ASA,0.046279744932344866
ASAI,2.4929982987578384e-05
ASAN,0.5668618682889954
ASAQ,0.0
ASB,0.1187292394731638
ASC,0.7125562986800835
ASG,0.0
ASGN,0.017673308270676685
ASH,-0.040392924266458456
ASIX,0.1892859220700996
ASPN,1.7496086104570703
ASR,0.0002017325392528424
ASX,0.0
ASZ,0.0
ATA,0.0
ATC,0.0
ATCO,0.14360013717596473
ATEN,0.181035852740869
ATGE,-0.04981507513010377
ATH,0.5937036881292155
ATHM,-0.015468594052937299
ATHN,0.0
ATI,1.244207687059633
ATKR,0.008057798544905383
ATMR,0.0
ATO,0.02833186594361831
ATR,0.010762848378510425
ATTO,0.0
ATUS,0.6845707679067845
AU,0.32080824422286147
AUD,0.4024289278066863
AUS,0.0
AUY,0.5569757011862049
AVA,0.026132100057523425
AVAL,0.0
AVAN,0.0
AVB,0.246998314246539
AVD,-0.000521271561366624
AVK,0.0
AVLR,0.1401695325155382
AVNS,0.00594771374663884
AVNT,0.05265825983704807
AVTR,0.10399841070047722
AVY,0.032840315387980316
AVYA,0.4148229728803936
AWF,0.0
AWI,0.0904090778822429
AWK,0.10050780188611183
AWP,0.0
AWR,0.04704356731393697
AX,0.20554828248266965
AXL,0.4517509343192303
AXP,0.4531547795723707
AXS,0.02264212097075926
AXTA,0.027153365140886437
AYI,0.09929724954922806
AYX,-1.7309750059134714
AZEK,0.1105933454318807
AZO,0.43748814481970616
AZRE,0.0
AZUL,0.10751841204874907
AZZ,0.06879775741154441
B,0.00538664098820589
BA,2.9567017132817215
BAC,1.1963712742320212
BAH,0.1302175494387797
BAK,0.0
BALY,0.4890654421922171
BAM,0.017890546116110996
BAMH,0.0
BANC,0.20338366695646765
BAP,0.28792925267982133
BAX,-0.06730833420401694
BB,1.4190180173333924
BBAR,0.010329438414873998
BBD,-0.005349194237704832
BBDC,0.15534749212234625
BBDO,0.0
BBL,-0.011113485840989847
BBN,0.0
BBU,0.0035133329527357654
BBVA,0.003881931656971886
BBW,2.3646413920913996
BBY,-0.007675363566984063
BC,0.12841818028400326
BCAT,0.0
BCC,0.4334070745103197
BCE,-0.00322135958360661
BCEI,0.08042234837384647
BCH,0.0
BCO,0.036800492082823294
BCS,0.025219301500032428
BCSF,0.11456909078391224
BCX,0.0
BDC,0.0016290100402272397
BDJ,0.0
BDN,0.009404546116096276
BDX,0.007518744405617414
BDXB,0.0
BE,-0.3889752291466563
BEDU,0.0
BEKE,-0.028978997351585295
BEN,0.10233404412031542
BEP,0.015057916812257236
BEPC,-0.02484492096901109
BEPH,0.0
BERY,0.25504848035581906
BEST,0.04885955005161269
BFAM,-0.0012436572863938613
BFK,0.0
BFLY,0.507755222934455
BFS,0.0
BFZ,0.0
BG,0.6592654323608673
BGH,0.0
BGIO,0.0
BGR,0.0
BGS,-0.5284603325726533
BGSF,0.0
BGSX,0.0
BGT,0.0
BGX,0.0
BGY,0.0
BHC,5.3985492490600455
BHE,0.021812075524398757
BHK,0.0
BHLB,0.16533494354484915
BHP,0.04721755832059468
BHR,0.8133427877270508
BHVN,0.33846217253336147
BIF,0.0
BIG,1.2813681200127107
BIGZ,0.0
BILL,0.45752635488906945
BIO,0.0781073833013366
BIP,0.007436431994919314
BIPC,0.0
BIT,0.0
BITE,0.0
BJ,0.146474348728736
BK,0.23087094256998156
BKD,0.05548708581718142
BKE,0.18199782758768418
BKH,0.01518663548084181
BKI,0.014734395537579055
BKN,0.0
BKR,0.15244866194155765
BKT,0.0
BKU,0.07041368583364568
BLD,-0.03595673721964208
BLE,0.0
BLK,0.5125744755493185
BLL,0.0033752771983908093
BLUA,0.0
BLW,0.0
BLX,-0.016468005371182277
BMA,0.049954396823912915
BME,0.0
BMEZ,0.0
BMI,0.022927444468418115
BMO,0.12321860009948289
BMY,0.6746502449957945
BNED,0.14191950693857616
BNL,0.055953553672247
BNS,0.07373210559375273
BNY,0.0
BOAC,0.0
BOAS,0.0
BOE,0.0
BOH,0.03925947615808598
BOOT,0.3364404426612046
BORR,0.0
BOX,2.310547569630543
BP,0.08833370336495838
BPMP,0.08033252495788425
BPT,0.66723738317757
BQ,0.014434080448431265
BR,0.03652714634508775
BRBR,0.028859721344465246
BRC,0.000754845271362544
BRFS,0.17778378637221
BRMK,0.007719887351572751
BRO,0.00479786601172125
BRT,0.0
BRX,0.02169850567352997
BSAC,-0.002077432000191885
BSBR,0.0007567410204964792
BSIG,0.036249838698620473
BSL,0.0
BSM,0.2296704800417472
BSMX,-5.611425341366341e-05
BSN,0.0
BST,0.0
BSTZ,0.0
BSX,0.14027034792411383
BTA,0.0
BTCM,-0.012037588130921808
BTI,0.02807911336087076
BTO,0.0
BTT,0.0
BTU,1.2364583926754833
BTZ,0.0
BUD,0.13696110693809116
BUI,0.0
BUR,0.024398826756702543
BURL,0.06705136735161461
BV,0.01191706387519237
BVH,0.0
BVN,0.04268650458064805
BW,0.4890150722955978
BWA,0.17919045964148647
BWG,0.0
BWXT,0.013382641823089073
BX,0.7811491892791131
BXMT,0.42994309218453164
BXMX,0.0
BXP,0.3784620412596948
BXS,0.03399912529885396
BY,0.0
BYD,0.5814592634335592
BYM,0.0
BZH,1.6093058192142624
C,1.6387823448000753
CAAP,0.02236541566172575
CACI,0.054602138379937826
CADE,0.09219830657176263
CAE,0.008772539055951123
CAF,0.005635363080122835
CAG,0.31734677546023765
CAH,0.09776764663908837
CAI,-0.0034090165048063148
CAJ,0.010042822705480858
CAL,0.798776301380133
CALX,0.9776657055589838
CANG,0.0
CAPL,-0.06678544727865457
CARR,0.0880367112256235
CARS,0.4948185112457401
CAS,0.0
CAT,0.6763587803169214
CATO,0.5796957215749965
CB,0.01759516529782728
CBAH,0.0
CBB,-0.015574656249758205
CBD,0.04025364141876692
CBH,0.0
CBRE,0.6220564963577891
CBT,0.21385531632859342
CBU,0.03575934410351831
CBZ,-0.00819121536438666
CC,0.646845487981775
CCEP,0.014880949305377532
CCI,0.17602511005087795
CCIV,2.631688695652177
CCJ,4.5349016097553845
CCK,0.09463623947811546
CCL,4.649775268033037
CCM,0.0
CCO,0.08923317482553153
CCS,0.7287518834691613
CCU,0.0
CCVI,0.0
CCX,0.3910181159420289
CCZ,0.0
CDAY,-0.009865401188581533
CDE,1.850943100176023
CDR,0.47508062014184216
CE,0.10341414596276599
CEA,0.0
CEIX,0.022016602683991214
CELP,0.0
CEM,0.0
CEPU,0.0
CEQP,0.5276343880558931
CF,0.9053160241024557
CFG,0.30349677586460827
CFR,0.19383338776169995
CFX,-0.01718566274729998
CGAU,0.0
CHAA,0.0
CHCT,0.0
CHD,0.05273792505613412
CHE,0.06820190170362124
CHGG,-0.2162058098601905
CHH,0.02162932179673513
CHMI,0.0
CHN,0.0
CHPT,0.37071761477424575
CHRA,0.10977615397667552
CHS,1.1930527345995596
CHT,3.119841027534917e-05
CHWY,-0.07206758227743479
CI,0.45118985355103647
CIA,0.007095653489385428
CIB,0.0010440756381342525
CIEN,0.4816140960910562
CIF,0.0
CIG,0.050908680199261785
CII,0.0
CIM,0.5238439960879298
CINR,0.0
CIO,0.12456772186041759
CIR,0.004128538354684366
CIT,0.14033486133084197
CIXX,0.0005154977126501457
CL,0.18430628137364602
CLAS,0.0
CLB,0.31433633632959174
CLDR,0.7093697891121847
CLDT,0.34031876889503987
CLF,5.646245617521082
CLGX,-0.02577545676641363
CLH,0.004818849012030576
CLI,0.2774226821633338
CLIM,0.0
CLNC,0.022259284124061616
CLNY,1.2164648112630387
CLPR,0.0
CLR,0.3238201536607446
CLS,0.02138205265939058
CLVT,0.05858786318792447
CLW,-0.19337253998931472
CLX,-0.1681617575848135
CM,0.06881455844590824
CMA,0.2155707394091769
CMC,0.4104187050458812
CMCM,-0.0006327741033891878
CMD,-0.015526370421281495
CMG,0.28765407508696145
CMI,0.12395540658660618
CMO,-0.004310263381006369
CMP,0.2825019519174937
CMRE,0.5592759573705957
CMS,0.03439800019042384
CMSC,0.0
CMSD,0.0
CMU,0.0
CNA,0.004014991736928347
CNC,0.43770859414487956
CND,0.0
CNF,0.0
CNHI,0.08609067031877617
CNI,-0.0820966633816697
CNK,2.9614772405331196
CNMD,-0.034670188075879335
CNNE,0.008652989838800437
CNO,0.039814689171442944
CNP,0.1297791527892276
CNQ,0.1483355010014036
CNR,1.2222086007566821
CNS,0.002639888762736686
CNX,0.5939476394638965
CO,0.04722747207295369
CODI,0.08313451463790447
COE,0.0
COF,0.5883682618838694
COG,0.06945773247045366
COLD,0.03095630276748712
COMP,-0.008837405643206262
COO,0.030089071513156127
COP,0.3012204470711945
COR,0.016543737297558307
CORR,0.2402003410462467
COTY,0.5921637842471642
COUR,-0.03112429404659413
CP,0.10178328261403959
CPA,0.010426072796985288
CPAC,0.0
CPB,0.0025202852651247183
CPE,5.026227459409266
CPF,0.25046434518227956
CPG,0.07957613484166833
CPK,0.01009636867254398
CPLG,2.6770200394634815
CPNG,0.12971790310798104
CPRI,1.166712776797167
CPS,0.08401288140066875
CPSR,0.0
CPT,0.01449633309437581
CPTK,0.0
CPUH,0.014017855072463769
CR,0.07897835479010043
CRC,0.04977768752296876
CRH,0.004009200987688214
CRHC,0.06972524154589373
CRI,0.03424538099010082
CRK,0.3000444670638362
CRL,0.1279408950113719
CRM,0.41196756771408666
CRS,0.26611025594732085
CRU,0.0
CRY,-0.014768781594317368
CS,0.03899837260268133
CSAN,0.0
CSL,0.014090127420820373
CSLT,0.1703355432130515
CSPR,4.009488434748515
CSR,0.021392742358600902
CSTA,0.0
CSTM,1.7017111533852394
CSV,0.015705587335000194
CTAC,0.0
CTB,0.0450376754203682
CTBB,0.0
CTDD,0.0
CTK,0.0
CTLT,0.014613521810500338
CTOS,0.02689722916229015
CTS,0.061647947531188615
CTT,0.21074138494668232
CTVA,0.04844781108694733
CUB,0.13456993091000444
CUBE,0.16550248166161552
CUBI,0.11197701723385144
CUK,0.07548691681542198
CULP,-0.7108064870071611
CURO,0.1238180258734601
CUZ,0.0024808731301097374
CVA,0.23271491225259944
CVE,0.24239989888525953
CVEO,-0.01660688626060022
CVI,0.14724412414970292
CVII,0.0
CVNA,2.3432009504615254
CVS,1.3725328407319148
CVX,0.2202065340702229
CW,0.025094146100541274
CWEN,0.0920458686893911
CWH,1.9575620518783206
CWK,0.0016111888634912873
CWT,0.008141044555916199
CX,0.028385554950424736
CXE,0.0
CXP,0.012482901737085573
CXW,0.8968753405682597
CYD,-0.0010832562987829384
CYH,0.931382660136923
D,0.026880366785509716
DAC,2.504975479012519
DAL,1.972539573409279
DAN,0.13067252865944037
DAO,-0.11971816597718889
DAR,0.1376361452201218
DASH,-0.06076289959514625
DAVA,0.0
DB,0.6049060640705612
DBD,0.42655111183162375
DBI,1.1495353984770382
DBL,0.0
DCF,0.0
DCI,-0.006139773456734247
DCO,0.00630063621572953
DCP,0.3339294544703546
DCUE,0.0
DD,0.34702944589621987
DDD,4.066462375189383
DDS,2.655788812959051
DE,0.18115912170869714
DEA,0.10936277306876434
DECK,0.19359763889993314
DEH,0.0
DEI,0.010844149225222604
DELL,1.388253592112628
DEN,0.011039959329370566
DEO,0.024483255579757154
DESP,0.06622916556347017
DEX,0.0
DFIN,0.31427968499329095
DFNS,0.0
DFP,0.0
DFS,0.31077765277029523
DG,-0.05587362043536704
DGX,0.0242405529614641
DHF,0.0
DHI,0.1817337134520435
DHR,0.18673181885638532
DHT,0.5692609153578524
DHX,0.026662686343126237
DIAX,0.0
DIN,0.5910782552002964
DIS,0.35325160738619216
DK,0.09426885616714904
DKL,0.161082473040284
DKS,3.157474815085233
DLB,0.07251735324456988
DLNG,0.04759919107236824
DLR,0.12668803010040652
DLX,0.22458190245269277
DLY,0.0
DM,0.37107475796930633
DMB,0.0
DMO,0.0
DMS,0.0
DMYI,0.12300733333333337
DMYQ,0.0
DNB,0.009772621917178783
DNMR,0.7518249954420053
DNOW,-0.09982848578762456
DNP,0.0
DNZ,0.0
DOC,0.02018564908620557
DOCN,-0.00165553926010195
DOOR,0.1893194860609891
DOV,0.113416031396746
DOW,0.684811446103411
DPG,0.0
DPZ,1.2413699428662934
DQ,-0.1049213890200271
DRD,0.019585335529554465
DRE,0.011796650039080203
DRH,-0.016437483889849867
DRI,0.7490698332869593
DRQ,0.001099360327526386
DRUA,0.0
DS,0.29562916991025207
DSL,-0.006235782155892135
DSM,0.0
DSSI,0.08781906680774539
DSU,0.0
DSX,1.5769669180757764
DT,0.1262437449840327
DTE,0.019010427752639444
DTJ,0.0
DTP,0.0
DTW,0.0
DTY,0.0
DUK,0.16667189361360468
DUKB,0.0
DUKH,0.0
DV,0.0
DVA,0.2518093220338984
DVD,0.0
DVN,0.7752750480130005
DWIN,0.0
DX,0.3796937709849513
DXC,0.7601386337500903
DY,0.2569771306391556
E,0.0004357145120926245
EAF,0.19709548350375106
EAI,0.0
EARN,0.0
EAT,0.2378435335439601
EB,2.4685772374322763
EBF,0.011976270878407483
EBR,0.0
EBS,-0.2909588676245456
EC,0.00050999600425323
ECC,0.0
ECL,-0.02078537192817205
ECOM,0.24233800376768422
ED,0.11124695183171715
EDD,0.0
EDF,0.0
EDN,0.0
EDU,-0.5270916834558006
EEX,0.05110402145570836
EFC,0.30305321284581016
EFL,0.0
EFR,0.0
EFT,0.0
EFX,0.07430314141548712
EGHT,-0.36652892618763616
EGO,0.4561242213791188
EGP,0.0020913739519799065
EGY,0.15429178549498992
EHC,0.143144715905512
EHI,0.0
EHT,0.0
EIG,0.005680138867316992
EIX,0.014386827986385423
EL,0.11724861757923084
ELAN,0.10261559039986981
ELC,0.0
ELF,0.6877178833971556
ELP,1.0873349776386817e-05
ELS,-0.012002849638750866
ELVT,0.37649037778426686
ELY,2.2764173523010323
EMD,0.0
EME,0.04162609474088678
EMF,0.0
EMN,0.25999938131871564
EMO,0.0
EMP,0.0
EMPW,0.0
EMR,0.24080375187593792
ENB,0.018687683308472234
ENBA,0.0
ENBL,0.03947223346936799
ENIA,-5.241967898946883e-05
ENIC,2.667690968239289e-05
ENLC,0.1274479407031447
ENPC,0.0
ENR,-0.006025386809019136
ENS,0.02653665796237485
ENV,-0.00555430791261766
ENVA,0.05928641132063095
ENZ,-0.899421291119846
EOD,0.0
EOG,0.4564909044783877
EOI,0.0
EOS,0.0
EOT,0.0
EPAC,0.009331091524969052
EPAM,0.06801428801247046
EPC,1.169710700393124
EPD,0.277833793158371
EPR,1.6670549095963285
EPRT,0.015790905257998335
EPWR,0.0
EQC,0.019916692537063695
EQD,0.0
EQH,0.035735194786361675
EQHA,0.0
EQNR,0.005791611012761819
EQR,0.12353595053508579
EQS,0.0
EQT,2.213852850432291
ERF,0.1739155056844959
ERJ,0.4130543804576952
ES,0.006656958539048163
ESE,0.010288821224348604
ESGC,0.630163152611933
ESI,0.2821434098084612
ESM,0.0
ESNT,-0.01243730517032252
ESRT,0.09173017459187177
ESS,0.036829079133788564
ESTC,0.10728192375104353
ESTE,0.053103688180852815
ET,1.4229223325020166
ETB,0.0
ETG,0.0
ETH,0.18075080916064343
ETJ,0.0
ETN,0.17719375156838146
ETO,0.0
ETR,0.02284282461789534
ETRN,0.0378808919347604
ETV,0.0
ETW,0.0
ETWO,2.4743816854109335
ETX,0.0
ETY,0.0
EURN,0.23655124595026736
EVA,0.054098156322020925
EVC,0.08354442462293332
EVF,0.0
EVG,0.0
EVH,0.21264563169255207
EVN,0.0
EVR,0.5587886510837788
EVRG,0.07161913422862697
EVRI,2.0226676575653095
EVT,0.0
EVTC,0.004011315604400166
EW,0.14429291077802497
EXG,0.0
EXK,1.6049773369079208
EXP,0.1704665622777294
EXPR,2.3738335385696603
EXR,0.04324300152712447
EXTN,0.22661797849722354
F,2.903415482890158
FACA,0.0
FACT,0.0
FAF,0.011423607748716862
FAM,0.0
FBC,-0.03261829377680413
FBHS,0.03135146272548304
FBK,0.013520078110000187
FBP,0.11327048496536933
FC,0.23469580358032838
FCAX,0.0
FCF,0.021434776411624286
FCN,0.1228396734393837
FCPT,-0.0033148985153337576
FCT,0.0
FCX,1.652783212143229
FDEU,0.0
FDP,0.05528627400052178
FDX,1.1177912511613561
FE,0.5630428328102526
FEDU,0.0
FEI,0.0
FENG,0.0364265573641014
FERG,0.0
FF,-0.001856743908996414
FFA,0.0
FFC,0.0
FFG,0.00254007476448024
FGB,0.0
FGNA,0.08066635531765298
FHI,0.013359631317515257
FHN,0.2020485779530633
FHS,0.0
FI,0.03587810465445015
FICO,1.5410544865777083
FIF,0.0
FINS,0.0
FINV,0.1394034877612541
FIS,0.1391169399278332
FIV,0.0
FIX,0.05466664686070938
FL,0.6388899047534731
FLC,0.0
FLME,0.0
FLNG,0.0
FLO,0.006528525385169227
FLOW,0.012630395748531096
FLR,0.6149688767565917
FLS,0.03493936133499818
FLT,-0.026812859000095484
FLY,0.5756159667497225
FMAC,0.2159391304347827
FMC,0.13094140450362834
FMN,0.0
FMS,0.0019771028970803853
FMX,0.0016266547105932884
FN,0.07979324562726066
FNB,0.011892280266262188
FND,0.0691759139974763
FNF,0.43263449532390186
FNV,0.5328036306840278
FOA,0.10690360340861968
FOE,0.10681412840165753
FOF,0.0
FOR,0.009658868643559488
FOUR,0.26077000754617696
FPAC,-0.24004083333333334
FPF,0.0
FPH,0.12911581484063306
FPI,0.5755292714880217
FPL,0.0
FR,0.1981562255788871
FRA,0.0
FRC,0.0343930158109992
FRO,0.7741186366060218
FRT,0.1272876528542176
FRX,4.894611666666665
FRXB,0.0
FSD,0.0
FSK,0.0420016926052817
FSKR,0.02862860130575788
FSLY,-5.82481994328923
FSM,2.0777002859155624
FSNB,0.0
FSR,2.574222431943077
FSS,0.01663744047184257
FT,0.0
FTAI,4.9253035296793435
FTCH,-0.504974824729003
FTEV,0.0
FTHY,0.0
FTI,0.1392617829450895
FTK,0.6458433720577518
FTS,0.0011234767788666383
FTV,-0.07640770732405758
FUBO,3.089244431113566
FUL,0.05256989893120408
FUN,4.027371292072302
FUSE,0.0
FVRR,0.6086846015593551
FVT,0.0
FZT,0.0
G,-0.0028404889975988676
GAB,0.0
GAM,0.0
GAPA,0.0
GATO,0.24276956986285528
GATX,0.0040305084745763
GB,-0.0009589832245346473
GBAB,0.0
GBX,0.5984373068362332
GCI,4.120860829097278
GCO,0.3245780886036499
GCP,0.018259557789273396
GCV,0.0
GD,0.17556832522389265
GDDY,0.07965411710298936
GDL,0.0
GDO,0.0
GDOT,-1.17092097742619
GDV,0.0
GE,0.9742173965195756
GEF,0.5568568319726294
GEL,0.38338631188131994
GENI,1.0886626761602167
GEO,-3.537829079184874
GER,0.0
GES,1.1933190411940813
GF,0.0
GFF,0.02502932113300869
GFI,0.40730569343340123
GFL,0.003511886569263976
GFX,0.0
GGB,0.33919467876288134
GGG,0.013092331039758548
GGT,0.0
GHG,0.0
GHL,0.12688412668893215
GHLD,0.0
GHY,0.0
GIB,0.019791729646649003
GIL,0.03313735775059053
GIM,0.0
GIS,0.39255304662554524
GKOS,0.028081146570906202
GL,0.020959919053970454
GLEO,0.0
GLOB,0.05881437426755035
GLOG,0.11328196098626067
GLOP,0.24937042571646384
GLP,0.28194944146093415
GLT,-0.04547186968819024
GLW,0.2535742967996761
GM,1.756641318647282
GME,8.780695180499777
GMED,0.18731738561319666
GMRE,0.04326204590091753
GMS,4.922394969325204
GNE,0.12614297898052637
GNK,0.6951331289961891
GNL,0.058228204520464705
GNPK,0.21902752426451177
GNRC,0.3446769739668804
GNT,0.0
GNW,0.7207676108158424
GOAC,0.0
GOF,0.0
GOL,0.6209936005774848
GOLD,1.6402708812655449
GOLF,0.01268392052689779
GOOS,0.2586484321826172
GOTU,-4.932137472224111
GPC,0.17685774266797438
GPI,0.053158309623672365
GPJA,0.0
GPK,0.08121339372249575
GPM,0.0
GPMT,0.40853270172600514
GPN,0.00010026566268041044
GPOR,0.0
GPRK,0.0016796099254640531
GPS,1.0694159535960446
GPX,0.040237866447289536
GRA,0.08197779126910773
GRC,0.011330924095214684
GRUB,0.23872034157613672
GRX,0.0
GS,1.992670488264996
GSAH,1.5883670666666707
GSBD,0.0
GSK,0.03941383807944213
GSL,0.0
GSQD,0.0
GTES,0.0011717202229349886
GTLS,0.1708918989690202
GTN,0.08382397057567686
GTS,0.0035802764017301538
GTT,0.3882680955433549
GTY,0.008412455189966885
GUT,0.0
GVA,0.294846805465583
GWB,0.0037177424062312466
GWRE,-0.02610472981295947
GWW,0.04912728605917329
H,0.11004884125706908
HAE,-0.18620983501968005
HAL,0.5808620638662703
HASI,-0.04678982901650722
HAYW,0.06215846761923933
HBI,0.3633094246324097
HBM,-0.06592236644335854
HCA,0.3327816325470947
HCC,-0.03713146790998831
HCHC,0.13728011610981855
HD,0.23183884491539494
HDB,0.002554567533259962
HE,0.033521432061750615
HEI,-0.03862847796383596
HEP,0.018199889433063603
HEQ,0.0
HES,0.6114898429641281
HESM,0.1810386016016907
HEXO,3.006962750770883
HFC,0.3814894760584525
HFRO,0.0
HGH,0.0
HGLB,0.0
HGV,0.2793960761954845
HHC,0.2770488947599537
HHLA,0.0
HI,0.030016329655176328
HIE,0.0
HIG,0.20159628091875798
HIGA,0.0
HII,0.43311326161988084
HIL,0.041986948507622836
HIMS,0.14265874633578143
HIO,0.0
HIW,0.0313274416702987
HIX,0.0
HKIB,0.0
HL,2.2565218227987676
HLF,0.39971057555920525
HLI,0.03837843763743905
HLT,1.1060500602508738
HLX,0.25735346121547686
HMC,0.012188243065170398
HMLP,0.0
HMN,0.0018703812082301015
HMY,0.32282806711587797
HNGR,0.027200404220517605
HNI,0.0167081270131757
HNP,6.874332788475658e-05
HOG,1.2869917502522004
HOME,3.3940263343833945
HP,0.7058199845370458
HPE,0.15611093527715814
HPF,0.0
HPI,0.0
HPP,0.032119597654755964
HPQ,0.18366061416187346
HPS,0.0
HPX,0.0
HQH,0.0
HQL,0.0
HR,0.00035055748275500143
HRB,0.8221006133937045
HRC,0.03249168908577868
HRI,0.39887131728948766
HRL,0.06743961508241414
HRTG,0.07853048736661539
HSBC,0.008223219269330284
HSC,0.05737957242303256
HSY,0.20620199619796553
HT,0.26177168649934174
HTA,-0.003136366698773844
HTD,0.0
HTGC,0.08652759613762162
HTH,0.02596895222284705
HTPA,0.0
HTY,0.0
HUBB,0.0154577890477309
HUBS,0.5403276769550063
HUGS,0.0
HUM,-0.056457096848556355
HUN,0.033251957565826905
HUYA,-1.245595549816057
HVT,0.06586075985786066
HWM,0.33349786295531775
HXL,0.06401305133119653
HY,0.04925519393880899
HYB,0.0
HYI,0.0
HYLN,0.18165975931482742
HYT,0.0
HZAC,0.0
HZN,0.04240822024770818
HZO,0.41933979765663015
IAA,1.4484458635920192
IACB,0.0
IACC,0.0
IAE,0.0
IAG,0.6428691113342931
IBA,0.0
IBER,0.0
IBM,0.5598935856174898
IBN,0.02671915651695318
IBP,0.0067572864337852685
ICE,0.06150441758845118
ICL,0.0
IDA,0.026741506830837074
IDE,0.0
IDT,0.8221272835011463
IEX,0.028256299743166936
IFF,0.026415487798045596
IFFT,0.0
IFN,-0.0029392770560397238
IFS,0.0
IGA,0.0
IGD,0.0
IGI,0.0
IGR,0.0
IGT,1.9293462268802137
IH,0.0
IHC,0.0
IHD,0.0
IHG,0.0
IHIT,0.0
IIAC,0.0
IIF,0.0
IIIN,0.2665878137253341
IIM,0.0
IIPR,0.7500552634155943
IMAX,1.2378353298596823
IMPX,0.0
INFO,0.023545453183784103
INFY,0.017696206927273674
ING,0.012468681872848672
INGR,0.06837147248346885
INN,0.04862948514705082
INSI,0.0
INSP,-0.08169245825091105
INSW,0.13243773073610435
INT,-0.07189970495783746
INVH,0.05089616473366421
IO,0.700012672152194
IP,1.3434166076639893
IPG,0.0629973668324278
IPI,0.7094964874913017
IPOE,13.443010310559004
IPVA,0.0
IPVF,0.0
IQI,0.0
IQV,0.11321327917985104
IR,0.04955317964368532
IRM,0.8455262270317817
IRR,0.0
IRS,0.0
IRT,0.06658439218764328
ISD,0.0
ISOS,0.0
IT,1.0011768713396894
ITCB,0.0
ITGR,0.06543212852976725
ITT,0.0035891986062717763
ITUB,-0.13220998844459744
ITW,0.1196518080006982
IVAN,0.0
IVC,0.009786698553118757
IVH,0.0
IVR,6.499076269824099
IVZ,0.3480207194830134
IX,0.0
J,0.08138193001498674
JAX,0.29289114959453155
JBGS,0.006307873520915333
JBL,0.28158026598791547
JBT,0.0751311757812949
JCE,0.0
JCI,0.5620118301653005
JCO,0.0
JDD,0.0
JEF,1.0026896407000434
JELD,0.11309312994336404
JEMD,0.0
JEQ,0.0
JFR,0.0
JGH,0.0
JHB,0.0
JHG,0.004273223365276804
JHS,0.0
JHX,0.0
JIH,0.49513275362318826
JKS,-0.373808385868827
JLL,0.17769017468708567
JLS,0.0
JMIA,0.707116166059712
JMP,0.07771416919779295
JNJ,0.20651344855861392
JNPR,0.7872984546414395
JOE,0.3407814427327186
JOF,0.0
JP,0.009725119973689357
JPC,0.0
JPI,0.0
JPM,0.7188377926173486
JPS,0.0
JQC,0.0
JRI,0.0
JRO,0.0
JRS,0.0
JSD,0.0
JT,0.0
JTA,0.0
JTD,0.0
JWN,2.7773014807976013
JWS,1.5567797101449277
JWSM,0.0
K,0.5846972461988548
KAHC,0.0
KAI,0.0001718809650900257
KAMN,0.02730702879562702
KAR,0.6168848302876456
KB,0.015675988086037415
KBH,0.33490439887594853
KBR,0.11856399477710752
KCAC,0.0
KEN,0.0
KEP,0.01300382731540288
KEX,0.08952233591215372
KEY,0.29991376638455336
KEYS,0.21479476331850633
KFS,0.0
KFY,0.033895936266803886
KGC,0.7809833967649858
KIM,0.054501599899129616
KIO,0.0
KKR,0.122947135169058
KKRS,0.0
KL,1.1331764161981521
KMB,-0.06675006371958289
KMF,0.0
KMI,0.49905367041321996
KMPR,0.008353247425220749
KMT,-0.014457769526873575
KMX,-0.11990416052021875
KN,0.2390905823633026
KNL,0.21329538217625993
KNOP,0.2300051501656538
KNX,0.1446404738479138
KO,0.3137630716379767
KODK,0.26256506145027253
KOF,0.004061517421361984
KOP,0.007992143068023408
KOS,0.08307224599126209
KR,0.007112935974073902
KRA,0.5664025441475993
KRC,0.1504915785153796
KREF,0.00194886612405881
KRG,0.015022226304449009
KRO,0.030770437915182487
KRP,-0.20489168459407156
KSM,0.0
KSS,2.5798247795041354
KSU,0.07256310427556746
KT,0.40436769523651717
KTB,0.10575935953075655
KTF,0.0
KUKE,0.0
KW,-0.017433774283305045
KWAC,0.0
KWR,0.017160763150416668
KYN,0.2491732659375918
L,0.049674059628121055
LAC,0.9068171116655914
LAD,0.06786862994999011
LADR,0.03758604792477157
LAIX,0.0
LAZ,0.06685768685552822
LB,0.6591297065309426
LBRT,0.3549545327530186
LC,2.3931455801174235
LCI,-0.25189974244325986
LCII,0.013337058090169879
LDL,0.18370336414433763
LDOS,0.015777312200589456
LDP,0.0
LEA,0.16051287681204698
LEAF,1.8893267238554965
LEG,0.2444276891312024
LEJU,-0.009258968474789908
LEN,-0.22261759273748788
LEO,0.0
LEV,1.4312858473393208
LEVI,1.6670735414709235
LFC,-0.0009124002593676401
LFT,0.052269573858525924
LGI,0.0
LGV,0.0
LH,0.3124577277379735
LHC,0.0
LHX,0.061665403038489545
LII,0.051816660411921615
LIN,0.1275006288680489
LINX,0.0
LITB,0.0
LL,0.8635782613977341
LLY,0.28916520532031853
LMND,-1.4986178996986759
LMT,0.6989004961016192
LNC,0.6084439534229387
LND,0.0
LNFA,0.0
LNN,0.03490183457891056
LOKB,0.0
LOKM,0.0
LOMA,0.027122401891902487
LOW,0.08718777946978684
LPG,0.5605507797580069
LPI,3.9639236851300295
LPL,-0.041321216480998506
LPX,1.0087782484118002
LRN,1.3561543597029144
LSI,-0.05756093939351082
LSPD,0.2527976768423725
LTC,-0.017247720554766154
LTHM,0.6176994850254446
LU,0.005651388405330389
LUB,0.0
LUMN,0.6790399947494312
LUV,1.2734384156602099
LVS,1.4866691580210398
LW,0.04551585306832354
LXP,0.01126152909450649
LXU,1.3395734147721923
LYB,0.28398302634738953
LYG,0.001964396830160283
LYV,1.5439041455912628
LZB,0.10410160397417588
M,1.7777622401492017
MA,0.5271066657707381
MAA,0.16037624045758858
MAC,2.075352173742177
MACC,0.0
MAIN,0.10226739128781094
MAN,0.12155694151101751
MANU,-1.4677180431527137
MAS,-0.010217787869435668
MATX,0.18257739062607567
MAV,0.0
MAX,0.003483848391078756
MAXR,0.8254327274376891
MBAC,0.0
MBI,0.7844175999545748
MBT,0.00651110386663768
MC,0.016239562424427905
MCA,0.0
MCD,0.3012615749700643
MCI,0.0
MCK,0.28893675776944927
MCN,0.0
MCO,0.029011591880341886
MCR,0.0
MCS,0.2197049240782506
MCY,0.08355506878464507
MD,0.04097134401653087
MDC,-0.017919708769331973
MDH,0.0
MDLA,0.02683428147803041
MDP,0.4625414123457571
MDT,0.13604327867602248
MDU,0.08534714836715471
MEC,0.0
MED,0.5752419160650224
MEG,0.27587677749310163
MEI,0.14379503405464464
MET,0.2362662510460168
MFA,0.7268223119472395
MFC,-0.002873239679698928
MFG,0.0013014670229223213
MFGP,0.019634009376734343
MFL,0.0
MFM,0.0
MG,0.11405850513352635
MGA,0.4103872731757075
MGF,0.0
MGM,2.2395845736864652
MGP,0.062027936696889996
MGR,0.0
MGRB,0.0
MGU,0.0
MGY,0.010038565371748747
MHD,0.0
MHF,0.0
MHI,0.0
MHK,0.19381575769073062
MHN,0.0
MHO,0.08553387403321426
MIC,0.6221940882643157
MIE,0.0
MIN,0.0
MIT,0.0
MITT,7.3202489989899355
MIXT,0.022661817811251414
MIY,0.0
MKC,0.03991825355320446
MKL,0.10778770845364073
MLI,0.07613880430908362
MLM,0.47784775050476685
MLP,0.0
MLR,0.014017510539204862
MMC,0.0369733325258324
MMD,0.0
MMI,0.0015590331717635641
MMM,0.3173276393933578
MMP,0.5046306339612749
MMS,0.01906207926326133
MMT,0.0
MMU,0.0
MN,0.347170541468702
MNR,0.04742290735902658
MNRL,0.10264406202764756
MNSO,0.003012152422041804
MO,0.4756498258259561
MOD,-0.23628176788145047
MODN,-0.04870818617261186
MOGU,0.0
MOH,0.13711660958904112
MOS,2.2577936969356016
MOTV,0.0
MOV,0.1047492319704302
MP,0.314401501605196
MPA,0.0
MPC,0.825316749786285
MPLN,0.1874201790714698
MPLX,0.1359022861305057
MPV,0.0
MPW,0.02788849030941855
MPX,0.012981158228899111
MQT,0.0
MQY,0.0
MRC,0.004740512281971395
MRK,0.2104080449229328
MRO,1.5784251020936253
MS,0.719307166247414
MSA,0.0053909745919525015
MSB,0.7434712321103415
MSC,0.0
MSCI,0.05394949278928159
MSD,0.0
MSGE,0.518043233458679
MSGN,0.05978318393884194
MSGS,0.11122976622435372
MSI,0.09328411594700543
MSM,0.27521593025576263
MSP,0.02053067838362752
MT,1.3970555910241633
MTB,0.14272043153405362
MTCN,0.0
MTD,0.026490130545147646
MTDR,0.9511586217884314
MTG,0.46165863737245444
MTH,0.3368113324921892
MTL,0.00735497278339846
MTN,-0.012775643577081778
MTOR,0.08340298208963687
MTRN,0.023164018065041342
MTW,0.9267789247102315
MTX,0.01667866738938817
MTZ,0.2813118352781195
MUA,0.0
MUC,0.0
MUE,0.0
MUFG,0.0018387247071842562
MUI,0.0
MUJ,0.0
MUR,0.8838907135456882
MUSA,0.007265193952934051
MUX,1.3261877654650143
MVF,0.0
MVO,0.3615095652173914
MVT,0.0
MWA,0.04670048106246142
MX,1.4773071561830708
MXF,0.0
MXL,0.1605094069076802
MYC,0.0
MYD,0.0
MYE,0.09040087844789065
MYI,0.0
MYJ,0.0
MYN,0.0
MYOV,0.5207823045749815
MYTE,0.0
NAC,0.0
NAD,0.0
NAN,0.0
NAPA,0.03002204502997316
NAT,2.050803192623394
NAV,0.0037339171694362574
NAZ,0.0
NBB,0.0
NBHC,0.003941891382948139
NCA,0.0
NCLH,5.337864784095321
NCR,1.0460018334606576
NCV,0.0
NCZ,0.0
NDMO,0.0
NEA,0.0
NEE,0.29965946637322577
NEM,0.9963592728921716
NEP,0.01150479376728559
NET,1.4429604650321342
NETI,0.0
NEU,-0.027751256067584672
NEV,0.0
NEW,0.018281893585476314
NEWR,1.0879371864531868
NEX,1.7284003035363922
NEXA,0.0005496131335898713
NFG,0.037665112060242686
NFH,0.0
NFJ,0.0
NGAB,0.0
NGC,0.0
NGG,0.007566372774168949
NGL,0.433094302317133
NGS,0.05737681085784889
NGVC,0.0018680327531653317
NGVT,0.0688395805216641
NHF,0.0
NHI,-0.03837114538023811
NI,0.05568383685190468
NID,0.0
NIE,0.0
NIM,0.0
NINE,0.5451635644399666
NIO,1.3211862067129914
NIQ,0.0
NJR,0.03501801212082032
NKE,0.14791314863300448
NKG,0.0
NKX,0.0
NL,0.032016448631109015
NLS,1.3658131027385667
NLSN,0.09229479719323053
NLY,0.22386325188551798
NM,0.7470366488559563
NMCO,0.0
NMM,3.9466305389411325
NMR,0.0011768351102351205
NMZ,0.0
NNA,0.4008863562813351
NNI,0.008729742140866414
NNN,0.07112995253919566
NNY,0.0
NOA,0.055527419330281255
NOAH,-0.5253333102544794
NOC,0.46744865383962564
NOK,1.6971266457750063
NOMD,0.0611221470881484
NOV,0.18403923285213075
NOVA,0.04614980798896984
NOW,0.14760449292400155
NP,0.016449074395948487
NPO,0.040763440048488725
NPTN,0.18910542075918618
NPV,0.0
NQP,0.0
NR,0.11593022864894688
NRG,-0.14165846213489122
NRGX,0.0
NRK,0.0
NRP,0.007066459206823982
NRUC,0.0
NRZ,0.5561594818568558
NS,0.04998460643980366
NSA,0.0797281212935451
NSC,0.23318987656415677
NSH,0.0
NSL,0.0
NSP,0.07131300948460467
NSS,0.0
NSTB,0.573871
NSTC,0.0
NTB,0.0
NTCO,0.0
NTP,1.0329927367961282
NTR,0.2849574357244276
NTST,0.0
NTZ,0.0
NUE,2.0675075527678177
NUO,0.0
NUS,0.14288141658931713
NUV,0.0
NUVB,0.0
NUW,0.0
NVG,0.0
NVGS,0.08505192846882803
NVO,0.04013267786099685
NVRO,-0.028276353890791587
NVS,0.027281742195486604
NVST,0.15989474805607626
NVT,0.03315161281174853
NVTA,0.23447174082786962
NWG,0.003513096212083612
NWHM,0.0
NWN,0.011092769227667816
NX,-0.002847191403824396
NXJ,0.0
NXP,0.0
NXQ,0.0
NXR,0.0
NXRT,0.04144960224483955
NXU,0.0
NYCB,0.020475769079880114
NYT,-0.14460743450003566
NZF,0.0
O,0.19387480837537047
OACB,0.0
OC,0.3195057214688816
OCA,0.0
OCFT,0.00273586572709376
OEC,0.05785524951541102
OFC,0.003603616307931552
OFG,0.043815710688228565
OGE,0.03415039240289675
OGS,0.0003658549594682282
OHI,0.05812413885534244
OI,0.12235161129291795
OIA,0.0
OII,0.07164719743830887
OIS,0.1372123001392191
OKE,0.3993976503459746
OLN,0.7285969224704871
OLO,0.06989710144927537
OLP,0.03822179008615265
OMC,0.06926993022542217
OMF,0.08445757930406232
OMI,-0.28436763713739854
ONE,0.0
ONTF,0.0
ONTO,0.15010240794322102
OOMA,0.06939855746783824
OPA,0.0
OPP,0.0
OPY,1.478287496713622
OR,0.2659865256609345
ORA,-0.042475588553324055
ORAN,0.002885461160069098
ORC,0.07012278607344122
ORCC,0.05679136053612347
ORCL,0.40633989877008586
ORI,0.08162389847358081
ORN,0.17322485515090202
OSCR,-0.004731462261168304
OSG,0.25773484929847124
OSH,0.09125932394241167
OSK,0.3121154647088908
OTIS,0.10160050827203171
OUST,0.4131755247726367
OUT,0.21819304309266224
OVV,0.23368561764653806
OXM,0.025861790416348736
OXY,1.7703864477493299
PAC,0.0
PACK,0.029045456039298846
PAG,0.020771493785396465
PAGS,2.5746334538666615
PAM,0.0016917183102123684
PANW,1.5261921773114193
PAR,0.14285924344372
PARR,2.181941256339664
PATH,-0.016985833072878594
PAYC,-0.05835973823423903
PB,0.018816204888884205
PBA,0.029202424092556266
PBF,1.6479659690602153
PBFX,0.09950724126622859
PBH,0.030474509232393227
PBI,0.7879937091507929
PBR,0.013178106055974137
PBT,0.41220695767382615
PCG,0.11484819657484999
PCGU,0.0
PCI,0.0
PCK,0.0
PCM,0.0
PCN,0.0
PCPC,0.0
PCQ,0.0
PD,0.46771132022373235
PDAC,1.208667333333334
PDI,0.0
PDM,0.04624732888076717
PDO,0.0
PDOT,0.0
PDS,0.27107357555313905
PDT,0.0
PEAK,0.029563409496364115
PEB,0.024004291257699553
PEG,0.03396082895127476
PEI,0.4695581796760006
PEN,-0.0028907123517266727
PEO,0.014752668954893982
PFD,0.0
PFE,0.49113841080298587
PFGC,-0.026404078632051915
PFH,0.0
PFL,0.0
PFN,0.0
PFO,0.0
PFS,0.0062863940989237805
PFSI,0.6076884298512131
PG,0.1666005015260014
PGP,0.0
PGR,0.024502332023150143
PGRE,0.021418210709049635
PGTI,-0.010479167394060072
PH,-0.005930063895932889
PHD,0.0
PHG,-0.0013594269473242212
PHI,0.0
PHK,0.0
PHM,0.6572720130068094
PHR,0.1179115699271428
PHT,0.0
PHX,0.060591093079055365
PIAI,0.0
PICC,0.0
PII,0.2869925572085443
PIM,0.0
PING,0.4844063313406105
PINS,0.44636853789901987
PIPR,0.01310643403476337
PJT,-0.020173490309697638
PK,0.8476362045340746
PKE,-0.0004906079004748866
PKG,0.09064157292615695
PKI,0.032921146557701814
PKO,0.0
PKX,0.0715136637314567
PLAN,0.3979987259592097
PLD,0.1264786900846612
PLNT,0.9755622606925144
PLOW,-0.03648890338652152
PLT,0.21953477158573403
PLTR,1.1478573470678248
PLYM,0.0
PM,0.2015785448819859
PMF,0.0
PML,0.0
PMM,0.0
PMO,0.0
PMT,0.15426418762415336
PMVC,0.0
PMX,0.0
PNC,0.3472716502977323
PNI,0.0
PNM,-0.03296014624545263
PNR,0.042443370552449025
PNTM,0.0
PNW,0.060922140956988016
POR,0.045963229282653915
POST,-0.038733721529684496
PPG,0.1212953182032977
PPL,0.14342442353846657
PPR,0.0
PPT,0.0
PPX,0.0
PQG,0.005860895940154095
PRA,-0.0023603702891823375
PRG,0.06228461669671085
PRGO,0.1695570850275671
PRI,0.003266396049227798
PRLB,-0.44008998854666254
PRMW,0.08194578939824759
PRO,-0.001008748452303281
PROS,0.0
PRPC,0.0
PRS,0.0
PRT,0.0
PRTY,5.914714754874662
PRU,0.4452407106598985
PSA,0.13409732209977776
PSB,0.0003283808965575841
PSF,0.0
PSFE,0.3874917888401004
PSN,0.055803219198136154
PSO,0.0003750027917932373
PSTG,0.2984917038187419
PSTH,8.498295299999997
PSTL,0.0
PSX,0.284165362210604
PSXP,1.403523014301655
PTA,0.0
PTR,0.0005681457327159236
PTY,0.0
PUK,-4.683421436468299e-05
PUMP,1.0003496175623448
PV,0.0
PVG,0.655488077404593
PVH,0.8321152435781471
PVL,0.04592363636363635
PWR,0.22351297803170547
PXD,0.4279434823025164
PZC,0.0
PZN,0.03530682691105903
QD,-3.5058703072016835
QFTA,0.0
QGEN,0.10842947020012522
QS,-2.975612713114962
QSR,0.21181234488226067
QTS,0.011709648693237026
QTWO,-0.030717173921962222
QUAD,0.05996248183644076
QUOT,-0.12571213067183454
QVCC,0.0
R,-0.007864617716594484
RA,0.0
RAAS,0.018261991790573605
RACE,0.09284898474320535
RAD,1.7170034130187104
RAMP,0.35234649629537246
RBA,0.021335844793242947
RBC,-0.01279451359915472
RBLX,1.12894036200053
RC,0.11714575918780037
RCI,0.004964769999902507
RCL,1.3755463969282218
RCS,0.0
RCUS,-0.1559014849598272
RDN,0.13517805466256638
RDY,0.005562560798508094
RE,0.056566631801968525
RELX,0.0
RENN,0.008491031195379646
RES,0.02676009621877623
REV,0.07145951121904469
REVG,0.0362302509465591
REXR,0.00027862176591743397
REZI,0.09305807040791333
RF,0.22017552839219456
RFI,0.0
RFL,0.2237260247790405
RFMZ,0.0
RFP,3.7342718272647484
RGA,0.011696361811930274
RGR,1.9326929638981787
RGS,-0.9886397863973612
RGT,0.0
RH,1.8708145144094956
RHI,-0.09048888482514789
RHP,0.12738433389676318
RIG,1.2346056215176968
RIO,0.12156370703148085
RJF,0.2929805334385849
RKT,-2.1892743171826186
RKTA,0.0
RL,0.524086241096275
RLGY,0.5513447326919506
RLI,0.008915029870073156
RLJ,0.0289001032332784
RLX,0.07850465639570953
RM,0.03753024401480922
RMAX,0.01751929345607936
RMD,0.04919431454971099
RMM,0.0
RMO,0.37762866399359496
RMT,0.0
RNG,-0.35658689593379816
RNP,0.0
RNR,-0.013733376784799346
ROG,0.06308573561333451
ROK,0.009049878616892049
ROL,0.002547998539456098
ROP,0.04624729145160863
ROSS,0.0
ROT,0.0
RPAI,0.13460515847811028
RPM,0.04501791325846431
RPT,0.11189609200306738
RQI,0.0
RRC,1.3064539209007737
RRD,2.3032306094182826
RS,0.45673655058038265
RSG,0.019121476903871993
RSI,2.0114908306449584
RTP,0.5164743478260869
RTPZ,0.0
RTX,0.5902294429570697
RVI,0.0
RVLV,3.542150799591471
RVT,0.0
RWT,0.3532573615705806
RXN,0.007704575953470509
RY,0.08948253498974978
RYAM,0.11802849719232808
RYB,0.16321541604107723
RYI,0.050964280480776496
RYN,0.16744019189362958
RZA,0.0
RZB,0.0
SA,0.7901528153746137
SAFE,0.017717049153612222
SAH,0.06316436816369456
SAIC,0.04270871364507285
SAIL,-0.026201500724947983
SAM,-0.30627299483459464
SAN,0.06967697208872235
SAND,2.891379530121301
SAP,0.03766917426459465
SAR,0.0
SAVE,5.5950712701028715
SB,0.5747259923529684
SBG,0.011205217391304348
SBH,0.1840456797051549
SBI,0.0
SBII,0.0
SBOW,0.0
SBR,0.0
SBS,0.08764075358215496
SBSW,0.08219091213145745
SC,0.22649609856835823
SCCO,-0.019076704099569623
SCD,0.0
SCHW,0.38346160208341357
SCI,0.10032682497678204
SCL,0.031088603407933037
SCM,0.12493531895689436
SCPE,0.0
SCS,0.07909443655781645
SCU,-0.004184807807843112
SCVX,0.0
SD,0.9935547265069592
SDHY,0.0
SE,1.8558450567026972
SEAS,2.162649520601392
SEE,0.38710470213901643
SEM,0.3351195761252707
SEMR,0.0
SF,0.14991349389681383
SFE,0.2020210165566889
SFL,0.394128471729675
SFTW,0.808725375494071
SGFY,0.003928795733484378
SGU,0.041524176382275166
SHAK,0.09081104370557674
SHG,0.0
SHI,0.0
SHLX,0.11123446185144763
SHO,0.009000208325695157
SHOP,3.9936858719289563
SHW,0.3946172822617023
SI,1.5286457335346728
SID,0.060229716508833936
SIG,1.6050826017603739
SII,1.0196858172393368
SITC,0.024863153853228265
SITE,0.011453766763656913
SIX,1.8083228093874661
SJI,0.10395005420409571
SJM,0.04317254398889189
SJR,0.007479299243989623
SJT,0.7153441595015672
SJW,0.004776788847839537
SKLZ,0.20140428151350304
SKM,0.04390027369221291
SKT,0.6611598655875808
SKX,0.30967066751233613
SKY,0.14976720213671055
SLAC,0.0
SLB,1.0703275720203314
SLCA,1.7635497854446334
SLF,0.060009663315633545
SLG,0.4244865989498972
SLQT,0.08899530621402788
SM,0.8039376600125684
SMAR,0.13955263040119664
SMFG,0.03415580908597685
SMG,0.037041603580644636
SMHI,0.10489335479230862
SMM,0.0
SMP,0.017571798007886528
SMWB,0.0
SNA,0.3191654050785221
SNAP,3.0178756144494754
SNDR,0.05022973429962602
SNII,0.0
SNN,0.001839813992526733
SNOW,0.7208960512642891
SNP,-3.424783361032329e-05
SNR,0.02289984016783433
SNV,0.08529130620911232
SNX,0.10600419542525424
SO,0.07061831122483792
SOAC,0.6170336666666667
SOGO,-0.273224011079503
SOI,-0.06719979845709084
SOJB,0.0
SOJC,0.0
SOJD,0.0
SOJE,0.0
SOL,0.05606268173140427
SON,0.018981431832419453
SONY,0.08399173900205376
SOS,0.8916955538157001
SPB,0.11451351081707287
SPCE,7.430068855535706
SPFR,0.0
SPG,0.9350710692511242
SPGI,0.2958105022831051
SPGS,0.0
SPH,0.10953404435541234
SPLP,0.0
SPNT,0.008739171974522293
SPNV,0.18355354037267085
SPOT,-0.569322483159483
SPR,2.599560823616458
SPRQ,0.004103478260869599
SPXC,0.01569316294343428
SPXX,0.0
SQ,1.3011077237500817
SQM,-0.10992243599548261
SQNS,0.0
SQSP,0.0
SQZ,0.0
SR,0.00841880216436049
SRC,0.0505206419924712
SRE,0.035765770858539915
SREA,0.0
SRG,0.7216964442106901
SRI,-0.07376577535736492
SRL,0.0
SRLP,0.01843610534557831
SRT,0.013958675113074952
SSD,0.002543128067324437
SSL,0.04019530912310299
SSTK,0.16640759217251158
ST,0.04325878385796244
STAG,0.2547204713064998
STAR,0.24664460795863186
STC,0.02734599165529146
STE,0.016041618344921932
STEM,1.6024225294186272
STIC,5.1308574798506
STK,0.0
STL,0.05740872490001209
STLA,0.02398499562183945
STM,0.04102190739684586
STN,0.0003114987874737339
STNG,6.5901860484846235
STON,0.21225891693487012
STOR,0.11123475790641535
STPC,0.0
STRE,0.0
STT,0.13084695661943535
STWD,0.5147913387228255
STZ,0.3401668182852814
SU,0.6192908586201867
SUI,0.04913607192461737
SUM,0.6414603224195865
SUN,0.1998121566397618
SUP,-0.4337372186921404
SUPV,0.06675612443714005
SUZ,0.0
SWBK,0.0
SWCH,1.0825078158977561
SWI,0.023058436592789677
SWK,0.1768800966783029
SWM,-0.06599207520749513
SWN,0.6453169095138741
SWX,0.00443368638920346
SWZ,0.0
SXC,0.3683710868710485
SXI,0.0003931133073258704
SXT,0.0037845495957880594
SYF,0.414956788936
SYK,0.0303062632344147
SYX,-0.010341710442235112
SYY,0.17257146934356254
T,0.04113623109243654
TAC,0.00011948869951834012
TACA,0.0
TAK,0.04167466172262294
TAL,-6.583037759380224
TALO,0.7921257600609313
TAP,1.2733015451889764
TARO,0.00012023604845585941
TBA,0.2042748046875
TBB,0.0
TBC,0.0
TBI,-0.00887956330038739
TCS,0.7583679115847307
TD,0.03651107560021079
TDC,0.854713777372263
TDF,0.0
TDG,0.03349641557073872
TDOC,-3.8733984168867863
TDS,0.19694303082367662
TDW,0.01554396433536658
TDY,0.05156319459191202
TEAF,0.0
TECK,0.689908971177706
TEF,0.036303577485337246
TEI,0.0
TEL,0.009206157750330837
TEN,1.9838300655336216
TEO,0.022880736437185755
TEVA,1.1274671414817456
TEX,0.38287406876790836
TFC,0.17709115859904923
TFII,0.00482852561524312
TFX,0.0595292278802621
TG,0.025544999228415067
TGH,1.0629256502981028
TGI,0.34069263062178107
TGNA,0.0735991672900441
TGP,0.13516898449077783
TGS,-0.000454838882451182
TGT,1.1892540045991016
THC,1.1824321366394532
THG,0.006388583198168264
THO,0.015840338519640274
THQ,0.0
THR,0.009395955040150297
THS,0.02650891601203094
THW,0.0
TIMB,0.0007290758400216688
TINV,0.0
TISI,1.0065889104773404
TIXT,0.0
TJX,0.03460786091957203
TK,0.15964002055112744
TKC,-0.00023369090909090926
TKR,0.03259643054220489
TLGA,0.0
TLK,0.0
TLYS,0.5745485806077626
TM,0.02146148753460334
TMAC,0.0
TME,-0.6150456383679379
TMHC,0.03473908999578757
TMO,0.06263636977657108
TMST,0.8434528679265677
TMX,0.009098334357120895
TNC,0.0003186334418854242
TNET,0.03616879662242826
TNK,2.152120757759163
TNL,0.49861799328408246
TNP,0.13378849306516166
TOL,0.6260402521035702
TOT,0.0037059294189292404
TPB,-0.031131540056588244
TPC,-0.058240859253557015
TPGS,0.0
TPGY,0.8710919999999995
TPH,0.041159647025648685
TPR,0.2972653164161699
TPVG,0.06690081315160312
TPX,0.6881350962723329
TR,0.018017594165453347
TRC,0.05625294755545351
TRCA,0.0
TREC,0.055120248765930975
TREX,0.05184524848180041
TRGP,0.26573719775317006
TRI,0.04443499799116149
TRN,0.13544222556556457
TRNO,0.003112155700075824
TROX,0.5379130556314791
TRP,0.029097916241062307
TRQ,-0.9663937414632506
TRTN,0.4166963525860769
TRTX,0.22822082423860404
TRU,0.04534845791949818
TRV,0.06236854870775348
TS,0.0201187031157681
TSE,0.4175857007511957
TSI,0.0
TSLX,0.07506903278256243
TSM,-0.0032562757857241796
TSN,0.6182540986691455
TSPQ,0.0
TSQ,0.7356388120059812
TT,0.09666331165225152
TTC,0.11205792789288388
TTI,1.1804072238037544
TTM,0.04241334236677304
TU,0.017226937269372695
TUFN,-0.008856490452349203
TUP,0.24885092710866485
TUYA,0.0
TV,0.015424039409245104
TVC,0.0
TWI,0.11093389192402778
TWLO,0.4902047520364417
TWND,0.0
TWNI,0.0
TWNT,0.0
TWO,1.0757839796039144
TWOA,0.0
TWTR,1.0167781007172016
TX,0.06467834653859712
TXT,0.11836924888310212
TY,0.0
TYG,0.0
TYL,-0.021604517492972656
U,0.5141484455771318
UA,0.8762903537004473
UAA,1.0488657909371513
UAN,3.301327025505808
UBA,0.5385715378731695
UBER,1.2862299012501086
UBP,0.0
UBS,0.006785834179506511
UDR,0.08266297039499806
UE,0.002310933742417485
UFI,0.08164318034640579
UFS,1.056990098025105
UGI,0.04487108806209894
UGP,0.010533885710427274
UHS,0.7013492562935956
UHT,0.008312450552246454
UI,0.10672567504958999
UIS,-0.18804132940430435
UL,0.01885652928580996
UMC,0.014497627463777352
UMH,0.08580242207851022
UNF,0.0009450798976452218
UNFI,2.437354736663873
UNH,0.3328854024403378
UNMA,0.0
UNP,0.48563919268944056
UNVR,1.392951874620092
UPS,0.9408474404267037
URI,0.8946719024646971
USA,0.0
USAC,0.0807762834705303
USB,0.3788426975311955
USDP,0.0
USFD,1.3393359490597134
USM,0.012565667075701628
USNA,0.02478221120417253
USPH,-0.06502735765752324
USX,0.31302055934758943
UTF,0.0
UTI,0.12838026144147385
UTL,0.002639822510326952
UTZ,0.4832527230136328
UVE,0.0531443383828597
UVV,0.18754660182329358
UWMC,5.766703726439617
UZA,0.0
UZC,0.0
UZD,0.0
UZE,0.0
V,0.7323998824453962
VAC,0.08984883016476954
VAL,-0.06651331571823321
VALE,0.3775653053217245
VAPO,-0.7011135362373485
VBF,0.0
VCIF,0.0
VCRA,-0.011278085003920945
VCV,0.0
VEC,0.02142905346922955
VEDL,0.03338057198754503
VEEV,0.2891304351291194
VEI,0.0
VEL,0.0
VER,0.05352761516287827
VET,0.5187377241805813
VFC,-0.1175653493901008
VGI,0.0
VGII,0.0
VGM,0.0
VGR,0.060584924783599316
VHC,0.01532299341233575
VHI,0.0
VICI,0.10126159803746405
VIPS,0.8292391962701691
VIST,0.0
VIV,-0.0011161246764114408
VKQ,0.0
VLO,0.9835322872031818
VLRS,0.07893646169403855
VMC,0.21384417276967804
VMI,0.1523990531631686
VMO,0.0
VMW,0.8731969625238423
VNCE,0.0
VNE,-0.0211852544524606
VNO,0.18930637318977178
VNT,0.07239702551613231
VNTR,0.6115473060250851
VOC,0.4055941176470589
VOYA,0.021508894724586693
VPCC,0.0
VPG,0.009824272945409345
VPV,0.0
VRS,0.9738912606503386
VRT,0.23540972161148918
VRTV,0.29789846519531066
VSH,0.05822581100675414
VST,0.4802272797832383
VSTO,1.774259688390651
VTA,0.0
VTN,0.0
VTOL,0.08114174946237819
VTR,0.15765175974928458
VVI,0.04880072974331325
VVNT,0.04785358968127347
VVR,0.0
VVV,0.12863610662442057
VYGG,0.0
VZIO,0.13816828110900825
W,4.039311686057393
WAB,0.04012160318453005
WAL,0.11553200319552226
WARR,0.0
WAT,0.039952027615725236
WBK,0.0
WBS,0.014500633580861755
WBT,1.8669584327967104
WCC,0.28443970883862246
WCN,0.017281600328474717
WD,-0.0009067513915709177
WDH,0.0
WEA,0.0
WEC,0.009284937799026186
WEI,0.0
WELL,0.12391561611944811
WES,0.05717984818545158
WEX,0.25905434776680936
WF,0.0
WFC,1.9144264392391839
WFG,0.005856181447328481
WGO,-2.2110389418097696
WH,0.22428671460447042
WHD,0.002838102427783305
WHR,0.1560965912039568
WIA,0.0
WIT,0.012188313592491621
WIW,0.0
WK,0.07548977067728799
WLK,0.03366270225051916
WLKP,0.09748514037497136
WLL,0.05212397664005178
WM,0.33354732883159444
WMB,0.3063992799803199
WMC,-0.023677290702808634
WMK,0.1383146972484616
WMS,0.05863959365194814
WMT,0.23965013981315886
WNC,-0.020435612017341027
WNS,-0.009593794783326075
WOR,0.00625559989795232
WORK,0.9326232167592876
WOW,0.20045500063966748
WPC,0.3292432362768077
WPCA,0.0
WPCB,0.0
WPF,0.4341247342995169
WPG,1.3360474030324412
WPM,0.7733504874922829
WPP,0.0007704085783229568
WRB,0.0038810343510721364
WRE,0.005891207281210138
WRI,0.05044709624440784
WRK,0.1859097770631847
WSM,-0.03913746744073128
WSO,0.0482376508772939
WSR,-0.052103500293794174
WST,0.05206119373505809
WTI,0.687298746205064
WTRG,0.017602634564373273
WTS,0.02361780774209315
WTTR,0.03308771878664736
WU,0.22834788943855616
WWE,1.9154656024869507
WWW,0.004387560918894653
WY,0.12570790760996517
X,5.346952230785182
XEC,0.36038216203193035
XFLT,0.0
XHR,0.04597550699283402
XIN,-0.07416700782393255
XL,0.18405090445456926
XOM,0.5655622510957539
XPEV,-0.15590203259381644
XPO,0.40394131047234927
XPOA,1.0999043333333334
XRX,0.156195858361009
XYF,0.0
XYL,0.024532442753921465
Y,0.10342663881625551
YAC,0.0
YALA,-0.4779268942125022
YELP,0.5278283866079443
YETI,1.1454129397541986
YEXT,0.2733663767765329
YPF,0.3812088319984697
YRD,0.025386457396451977
YSG,-0.0027870995987639507
YTPG,0.0
YUM,0.5086015897360423
YUMC,0.11736256323596182
ZBH,0.08823745497461191
ZEN,0.3198276466644698
ZEPP,0.04683035537446943
ZEV,1.4612323820989817
ZH,0.053305401379994524
ZIM,0.8802834782608697
ZNH,0.000246882862985773
ZTO,-0.005225146967241886
ZTR,0.0
ZTS,0.08524551093148382
ZUO,1.287029313674873
ZYME,0.014341678983068458
