A,0.06774669626038793
AA,3.7246051668192086
AAC,0.0
AAIC,0.0
AAN,0.0
AAP,1.9613824365674961
AAQC,0.0
AAT,0.0016582802905780675
AB,0.2138118448162859
ABB,0.08326950375013654
ABBV,0.5440868629123707
ABC,0.10810667682933014
ABEV,0.0315412336206098
ABG,-0.04131275444940986
ABM,-0.0023315055712877183
ABR,-0.019589519484195586
ABT,0.013924087943198972
ACA,0.021950346764580256
ACB,0.08035620129255447
ACC,0.01877253205784362
ACCO,0.09106221486508528
ACEL,0.005403479679011271
ACH,0.0034989120372653287
ACI,0.04090688677622062
ACIC,-0.35899559999999986
ACII,0.0
ACM,0.17657936317798084
ACN,0.07401005860751275
ACND,0.0
ACP,0.0
ACRE,0.35608964996302206
ACV,0.0
ADC,0.04520901883103205
ADCT,0.03938455636610851
ADEX,0.0
ADM,0.1666017871312495
ADNT,2.653324141645474
ADS,1.3916540056863902
ADT,0.36323952456697317
ADX,0.0
AEB,0.0
AEE,0.07686741805608337
AEFC,0.0
AEG,0.013429123466122283
AEL,0.008593362135199572
AEM,0.7377179088942343
AENZ,0.0
AEO,0.09473049117759022
AER,-0.3501130968235068
AES,-0.0009345788304672688
AESC,0.0
AEVA,0.015926335697399506
AFB,0.0
AFG,0.1106190369458446
AFI,0.32684105432378013
AFL,0.2585807895514939
AFT,0.0
AG,7.699098724910929
AGAC,0.0
AGCB,-0.08246822222222218
AGCO,-0.14723760141009581
AGD,0.0
AGI,0.5960206720421387
AGL,3.786245751410416e-05
AGO,0.24513939317680222
AGR,0.0
AGRO,0.30155594893270743
AGS,0.05010350329317141
AGTI,0.0
AGX,0.003583002449494983
AHC,0.0
AHH,-0.017823042056954008
AHT,2.3013784842878016
AI,-0.26050850506264966
AIF,0.0
AIG,0.36738882035499226
AIN,0.0
AIO,0.0
AIR,2.4449799498792286
AIRC,0.046354846209683755
AIT,0.0
AIV,0.837514826432971
AIZ,0.12922626885995128
AIZN,0.0
AJAX,-1.893138792003736
AJG,0.1443565570309982
AJRD,0.0026390519731162077
AJX,0.0
AKR,0.0
AL,-0.30799637392268037
ALB,0.49400597965285437
ALC,-0.008512547528517109
ALE,0.0
ALEX,0.026477279146885177
ALG,0.0
ALK,1.0718136105253568
ALL,0.48834523505822586
ALLE,-0.0030184012449163047
ALLY,1.2800232452430138
ALSN,0.023231587700142754
ALTG,0.0
ALUS,0.0008226086956521738
ALV,0.09372088487669339
AM,0.46240200329362957
AMBC,-0.14696051395257406
AMC,10.846234469449508
AMCR,0.003381569494634893
AME,0.019765833565939975
AMG,0.05279169339791488
AMH,0.08032450859286785
AMK,0.0
AMN,0.17602689763247406
AMOV,0.0
AMP,0.03386613258963844
AMPI,0.0
AMPY,0.8002186533348679
AMR,0.0
AMRC,0.2712363908786858
AMRX,0.035494627080320425
AMT,0.31192476755952153
AMWL,-0.8985321846271676
AMX,0.0008227896737052184
AN,0.22799745739927949
ANAC,0.0
ANET,0.5519339392020483
ANF,2.1243465859409576
ANTM,0.329988050105437
AOD,0.0
AON,0.7332316702286423
AONE,1.690139534883721
AOS,0.03023072139398755
AP,0.0
APAM,-0.07837728523666453
APD,0.14695546637578147
APG,0.007156369548713308
APGB,0.0
APH,0.0005762398619634724
APLE,-0.004726136353596588
APO,0.9231742844070705
APRN,-0.2783085159373946
APSG,0.0
APTS,-0.0038473930420314284
APTV,-0.09738054537040887
AQN,0.0008923879854007156
AQNA,0.0
AQNB,0.0
AQUA,0.10342164572017558
AR,8.041969068807022
ARC,-0.03545892952640199
ARCH,0.7516811259792605
ARCO,0.13586174501136294
ARD,0.0
ARDC,0.0
ARE,0.032872826536585416
ARES,0.01786207484670901
ARGO,0.0
ARI,0.1554132758228493
ARL,0.0
ARLO,0.3507151944590155
ARMK,-0.13884313657885325
ARNC,0.01473308059589731
AROC,-0.010487750639863272
ARR,0.03140852820417509
ARW,0.22630476499364843
ASA,0.0
ASAI,0.0
ASAN,0.8210097232516509
ASAQ,0.0
ASB,0.14950720518464933
ASC,0.640425112387373
ASG,0.0
ASGN,0.016159398496240603
ASH,-0.04763815519635505
ASIX,0.3360786132258265
ASPL,0.0
ASPN,1.8167211940682615
ASR,0.0
ASX,0.0
ASZ,0.0
ATA,0.0
ATC,0.0
ATCO,0.2243788330117141
ATEN,0.21417625615968652
ATGE,0.05382868007127493
ATH,0.6802987946025891
ATHM,0.006404023183917324
ATHN,0.0
ATI,1.2116687716472758
ATKR,-0.03637789876902914
ATMR,0.0
ATO,0.031193842191557204
ATR,0.012157356105869734
ATTO,0.0
ATUS,0.7089121678921346
AU,0.6373566955310762
AUD,0.4171365654302558
AUS,0.0
AUY,0.6101173881752331
AVA,0.004673201377238268
AVAL,0.0
AVAN,0.0
AVB,0.2851992659814014
AVD,-0.0002374429265216934
AVK,0.0
AVLR,0.14677234185946497
AVNS,0.0037711983251544276
AVNT,0.04220253558706484
AVTR,0.13621459108346512
AVY,0.06248080826304743
AVYA,0.2977302823229605
AWF,0.0
AWI,0.06449960360945521
AWK,0.09549664836780343
AWP,0.0
AWR,0.041556614025886875
AX,0.17855493345048276
AXL,0.4424614755779147
AXP,0.43106870107629
AXS,0.06317448470401231
AXTA,0.04572701728193447
AYI,0.2083204734743353
AYX,-1.946320045238214
AZEK,0.03685587491389868
AZO,0.7420317305885887
AZRE,0.0
AZUL,0.197079063402135
AZZ,0.19183859448008833
B,0.007881651756354914
BA,0.9143688682185905
BABA,-0.1259876937880922
BAC,1.2120516173147604
BAH,0.07627770055619144
BAK,0.0
BALY,0.40662426457375966
BAM,0.01724318480077041
BAMH,0.0
BANC,0.08645496439458958
BAP,0.051625454374043395
BAX,-0.06288432866964892
BB,2.0110301675973568
BBAR,0.01362116823501273
BBD,-0.005504778428575228
BBDC,0.06250634893380397
BBDO,0.0
BBL,-0.006096989706688926
BBN,0.0
BBU,0.0
BBVA,0.0036681847698735157
BBW,2.4568578290267604
BBY,-0.40840238531401785
BC,0.10177762339310069
BCAT,0.0
BCC,0.4329748433587949
BCE,-0.006699668273662754
BCEI,-0.06601233228397946
BCH,0.0
BCO,0.03996203257186634
BCS,0.024974698718871355
BCSF,0.11313016976712328
BCX,0.0
BDC,0.01423886204618502
BDJ,0.0
BDN,0.004686558332764691
BDX,-0.01055225151698057
BDXB,0.0
BE,-0.8300709194827522
BEDU,0.0
BEKE,-0.048526122810163635
BEN,0.12865241203922365
BEP,0.00966264561374296
BEPC,-0.0035854362323528527
BEPH,0.0
BERY,0.5565173461823573
BEST,0.05642079056227445
BFAM,-0.015291413562336646
BFK,0.0
BFLY,0.3352749898415375
BFS,0.0
BFZ,0.0
BG,0.570192699862202
BGB,0.0
BGH,0.0
BGIO,0.0
BGR,0.0
BGS,-1.4059205826306158
BGSF,0.0
BGSX,0.0
BGT,0.0
BGX,0.0
BGY,0.0
BHC,5.231777824792239
BHE,0.02177996732725699
BHK,0.0
BHLB,0.046842374787784295
BHP,0.06471642812271473
BHR,0.19199923542494526
BHVN,0.24609383061745552
BIF,0.0
BIG,0.7018131029339458
BIGZ,0.0
BILL,0.6488830834610244
BIO,0.0009106943859001259
BIP,0.009784645329682753
BIPC,0.0
BIT,0.0
BITE,0.0
BJ,0.3875797135650918
BK,0.19957942573183557
BKD,0.06407758688117447
BKE,0.13268301155773893
BKH,0.016231779349722645
BKI,0.00017578269688099386
BKN,0.0
BKR,0.2887249601838469
BKT,0.0
BKU,0.073890307747157
BLD,-0.0021221123196302786
BLE,0.0
BLK,0.44399539722962433
BLL,-0.009551186044441396
BLUA,0.0
BLW,0.0
BLX,0.006327231687536306
BMA,0.05935780232950566
BME,0.0
BMEZ,0.0
BMI,0.021915637136139664
BMO,0.1163981294205712
BMY,0.6749483253362437
BNED,0.028160969462316162
BNL,1.611666224967249e-05
BNS,0.0786011239619062
BNY,0.0
BOAC,0.0
BOAS,0.0
BOE,0.0
BOH,0.0655111841950864
BOOT,0.49617241790251226
BORR,0.0
BOX,3.19848803579244
BP,0.08284888891376477
BPMP,0.06956841453762763
BPT,0.6680084112149532
BQ,-0.003813988564335757
BR,0.04419392546462244
BRBR,0.038440482677611965
BRC,0.0010642080874947342
BRFS,0.08679340562556814
BRMK,0.0009567546159299282
BRO,0.008289709942856086
BRT,0.0
BRX,0.03444472052687978
BSAC,0.0
BSBR,0.0007543779587447708
BSIG,0.08456502058608856
BSL,0.0
BSM,0.24987259699449504
BSMX,0.002580081907560493
BSN,0.0
BST,0.0
BSTZ,0.0
BSX,0.16575935722582683
BTA,0.0
BTCM,-0.011094751834764455
BTI,0.023308803743039102
BTO,0.0
BTT,0.0
BTU,1.9221970498474055
BTZ,0.0
BUD,0.13845349831935072
BUI,0.0
BUR,0.001072723724925899
BURL,0.04440741785008657
BV,0.0
BVH,0.0
BVN,0.051843260722790274
BW,0.3627422866889298
BWA,0.18112126776686405
BWG,0.0
BWXT,0.014331863009230865
BX,0.5984606758242936
BXMT,0.4370601652997582
BXMX,0.0
BXP,0.3291559584088219
BXS,0.030502776207583158
BY,0.0
BYD,0.47915930572533727
BYM,0.0
BZH,2.6367317535082204
C,1.6016515099767294
CAAP,0.0
CACI,0.057513725903821394
CADE,0.10626127412634775
CAE,0.008516098455844391
CAF,-0.000550237381272232
CAG,0.24268974024864187
CAH,-0.018410608875382265
CAI,0.026723707447322796
CAJ,0.010053529251570503
CAL,1.143246257304614
CALX,0.8019355288603647
CANG,0.0
CAP,0.005179420289855073
CAPL,-0.04523368899925935
CARR,0.06768695227897409
CARS,0.4031441128547002
CAS,0.0
CAT,0.6699175010953891
CATO,0.8441652137173135
CB,0.05403499951049675
CBAH,0.0
CBB,-0.02042476135271605
CBD,0.02241486422133689
CBH,0.0
CBRE,0.6516150590338555
CBT,0.20704016805696202
CBU,0.0
CBZ,-0.00012167033244772879
CC,0.6126827628585823
CCAC,-1.7814224637681169
CCEP,0.1379024680994723
CCI,0.25468525453754154
CCIV,3.245534396135262
CCJ,5.344922806263054
CCK,0.1730974094929437
CCL,4.698177982863251
CCM,0.0
CCO,0.09744192075704707
CCS,0.9540330475201965
CCU,0.0
CCV,0.045007
CCVI,0.0
CCX,0.3552379710144928
CCZ,0.0
CDAY,-0.006758411924834925
CDE,2.0278521544924004
CDR,0.0
CE,0.11608055432638664
CEA,0.0
CEIX,0.1271128293176836
CELP,0.0
CEM,0.0
CEPU,0.0
CEQP,0.7046111568996934
CF,0.8854278954901897
CFG,0.33736892531247115
CFR,0.19821341299598316
CFX,-0.02367199985669337
CGAU,0.0
CHAA,0.0
CHCT,0.0
CHD,0.0523543508588372
CHE,0.09817663280029663
CHGG,-0.1974029183834285
CHH,0.03368118839709111
CHMI,0.0
CHN,0.0
CHPT,0.25684936365872296
CHRA,0.0
CHS,1.4419028616418998
CHT,0.0
CHWY,-2.4691593039929556
CI,0.507308372518042
CIA,0.01987657913418633
CIB,0.0
CIEN,0.44841106362940136
CIF,0.0
CIG,0.051148646398764736
CII,0.0
CIM,0.5073868069068261
CINR,0.0
CIO,0.02397048633438023
CIR,0.01932100632813706
CIT,0.11498889616920131
CIXX,0.0
CL,0.23228367836458444
CLAS,0.0
CLB,0.36290780611734996
CLDR,0.6212811627259605
CLDT,0.4850152159950577
CLF,5.577414114690642
CLGX,0.08233747607020744
CLH,0.04111287885323049
CLI,0.26194489141150085
CLII,3.86452652173913
CLIM,0.0
CLNC,0.024566037129807105
CLNY,1.2069552438785383
CLPR,0.0
CLR,0.28783875198601017
CLS,0.023696131170135828
CLVT,0.05080285152216825
CLW,-0.7410122710895601
CLX,-0.17299162146860392
CM,0.07624171039410517
CMA,0.2902019449093553
CMC,0.6250193240631493
CMCM,0.007803432483824834
CMD,-0.01797619996773548
CMG,-0.04631537530852928
CMI,0.06362227073725059
CMO,-0.0005382666492235085
CMP,0.39068348831765587
CMRE,0.5573397574395195
CMS,0.027531928812439283
CMSC,0.0
CMSD,0.0
CMU,0.0
CNA,0.0027135704674008444
CNC,0.4530446618599528
CND,0.0
CNF,0.0
CNHI,0.08333901865509687
CNI,-0.055689342531324765
CNK,3.015965637309502
CNMD,0.0032183949610308446
CNNE,0.005739783497958787
CNO,0.06492572153449924
CNP,0.1102957233356842
CNQ,0.15350246489601527
CNR,1.833939867734111
CNS,0.0
CNX,0.6276977051219255
CO,-0.0008064099803313133
CODI,0.18071016949152544
COE,0.0
COF,0.5646729739089321
COG,0.36623855163015145
COLD,0.0
COMP,0.0017765426612679175
COO,0.006617150211262954
COP,0.41924666757225176
COR,0.013910251068481193
CORR,0.18404982126167493
COTY,0.6513410989422469
COUR,-0.3562983199240477
CP,0.1458362406178733
CPA,0.016594153568662392
CPAC,0.0
CPB,0.08118841877321616
CPE,4.891805380626815
CPF,0.0
CPG,0.0
CPK,0.0
CPLG,2.5478703220500942
CPNG,0.0952249350481103
CPRI,1.9980438702912975
CPS,0.158003262491768
CPSR,0.0
CPT,0.024591064978857973
CPTK,0.0
CPUH,0.0
CR,0.055571844080663874
CRC,0.01031545255945596
CRH,0.0038641809803953778
CRHC,0.0
CRI,-0.354145268327411
CRK,0.35379283539073986
CRL,0.1887800750819646
CRM,0.31928181062207184
CRS,0.2161864378832414
CRU,0.0
CRY,0.12886742169908796
CS,0.022996758770012695
CSAN,0.0
CSL,0.02250369947514615
CSLT,0.01317394886528864
CSPR,4.245003130282895
CSR,0.0
CSTA,0.0
CSTM,2.765793939687003
CSV,0.006306392261587964
CTAC,0.0
CTB,0.04677724741954908
CTBB,0.0
CTDD,0.0
CTK,0.0
CTLT,0.014289290881362344
CTOS,0.010246731954430766
CTS,-0.0035108425898561784
CTT,0.0
CTVA,0.017932617104033235
CUB,0.14406385703015215
CUBE,0.16994712356409675
CUBI,0.0
CUK,0.20743375186257368
CULP,0.0
CURO,0.3398025790832291
CUZ,0.0008591803361740167
CVA,0.3287682954294993
CVE,0.24077978795644137
CVEO,0.009029679561817772
CVI,0.2086788520975589
CVII,0.0
CVNA,1.1737969126648191
CVS,1.8527137367762785
CVX,0.08912161529048962
CW,0.039440393042855564
CWEN,0.09660032062549062
CWH,1.9833261076499404
CWK,9.52851217055685e-05
CWT,0.006505950624569688
CX,0.029855418463636166
CXE,0.0
CXP,0.009118115942817534
CXW,1.1099767473253137
CYD,0.0036746520718316886
CYH,1.018775651291789
D,0.024463303951111966
DAC,1.9792296703097327
DAL,1.7968652681899369
DAN,0.10474505961040823
DAO,0.07988384955307813
DAR,0.06701522240485341
DASH,-0.28357423201726795
DAVA,0.0
DB,0.5731156082075077
DBD,0.36763595538118654
DBI,1.395820853455588
DBL,0.0
DCF,0.0
DCI,-0.0005671423161540317
DCO,-0.006165610526670233
DCP,0.39125856058255987
DCUE,0.0
DD,0.44196415900275243
DDD,3.8583792872403695
DDS,2.4525360236235114
DE,-0.03410035964167732
DEA,0.09920430974475754
DECK,-0.20881599947745683
DEH,0.0
DEI,0.008100613608002771
DELL,1.2382751979952034
DEN,0.010472423109091
DEO,0.028264945426210573
DESP,0.020864108711569962
DEX,0.0
DFIN,0.0779368007211792
DFNS,0.0
DFP,0.0
DFS,0.318835903050898
DG,0.041281260854630325
DGNR,-0.0504836231884058
DGX,0.010607547909316282
DHF,0.0
DHI,0.052440482252605204
DHR,0.21526799309374173
DHT,0.5906540425156052
DHX,0.0
DIAX,0.0
DIN,0.6904392341959324
DIS,-0.07243836081844354
DK,0.06378861342868196
DKL,0.12747317563273686
DKS,2.80493940693259
DLB,0.05720251848376608
DLNG,0.07142532217547845
DLR,0.20446195496357142
DLX,0.23423438580195177
DLY,0.0
DM,0.1505239863204374
DMB,0.0
DMO,0.0
DMS,0.0
DMYI,0.018153333333333334
DMYQ,0.0
DNB,0.004138227877154119
DNMR,0.555160565052247
DNOW,-0.018869529213109727
DNP,0.0
DNZ,0.0
DOC,0.010162323966025531
DOCN,0.01909650741931111
DOOR,0.21666062740956357
DOV,0.12370080911420314
DOW,0.6768681879174409
DPG,0.0
DPZ,1.5129057749054926
DQ,-0.09707173541198447
DRD,0.024438221007491278
DRE,0.00901563413410879
DRH,-0.018694539853208837
DRI,0.729642303091422
DRQ,-0.0050175426296371695
DRUA,0.0
DS,0.4074541965961462
DSL,0.0
DSM,0.0
DSSI,0.0
DSU,0.0
DSX,1.294304336170769
DT,0.17945609373465288
DTE,0.013680566267559922
DTJ,0.0
DTP,0.0
DTW,0.0
DTY,0.0
DUK,0.20528678963028565
DUKB,0.0
DUKH,0.0
DV,0.0
DVA,0.26016261770244836
DVD,0.0
DVN,0.8534081548234602
DWIN,0.0
DX,0.5270212806402835
DXC,0.925250188444156
DY,0.10906829980102467
E,0.005766654567840119
EAF,0.2288919876730784
EAI,0.0
EARN,0.0
EAT,0.3339082726165188
EB,2.2798364919516527
EBF,0.0
EBR,0.0
EBS,-0.303882518319609
EC,9.562514763513434e-05
ECC,0.0
ECL,-0.015612938499727348
ECOM,0.12175690377767989
ED,0.09338314447570181
EDD,0.0
EDF,0.0
EDN,0.0
EDU,-0.39427635048726284
EEX,0.0
EFC,0.2988270163386131
EFL,0.0
EFR,0.0
EFT,0.0
EFX,0.08276771510888777
EGHT,-0.21965649338957144
EGO,0.4514530598734272
EGP,0.0
EGY,0.049208567159963565
EHC,0.2890541830361552
EHI,0.0
EHT,0.0
EIG,0.0
EIX,-0.009252946488211131
EL,0.05221888395147377
ELAN,0.1737827517145216
ELC,0.0
ELF,1.50831198698183
ELP,5.0734359307128e-06
ELS,-0.007812520611643014
ELVT,0.0
ELY,3.507101239206785
EMD,0.0
EME,0.04142520173113319
EMF,0.0
EMN,0.19797757279187667
EMO,0.0
EMP,0.0
EMPW,0.0
EMR,0.21776293146573275
ENB,0.010343144872317425
ENBA,0.0
ENBL,0.05372298489101032
ENIA,-9.029745175514282e-06
ENIC,0.0
ENLC,0.1289545034121278
ENPC,0.0
ENR,-0.04622334959522733
ENS,-0.0016960671949962747
ENV,-0.0612873815598227
ENVA,0.13722970150517547
ENZ,-0.9761032294407584
EOD,0.0
EOG,0.5054470203912981
EOI,0.0
EOS,0.0
EOT,0.0
EPAC,0.008462669113662903
EPAM,0.06583308935276849
EPC,1.7214129885431806
EPD,0.29121259430527197
EPR,1.6701396319697768
EPRT,0.008604919079163957
EPWR,0.0
EQC,0.015492629089863713
EQD,0.0
EQH,0.03014870808519766
EQHA,0.0
EQNR,0.0034651142206615446
EQR,0.08383935569012234
EQS,0.0
EQT,2.34113290254052
ERF,0.16564959824888714
ERJ,0.42553577991724884
ES,-0.0022433068675918044
ESE,-0.00020314210531408998
ESGC,0.6698640464379129
ESI,0.3259258465404912
ESM,0.0
ESNT,-0.007476419332486343
ESRT,0.08059102446010613
ESS,0.027586462603757515
ESTC,-0.13981583604334222
ESTE,0.006192732275242349
ET,1.288743988093643
ETB,0.0
ETG,0.0
ETH,0.21952678176572435
ETJ,0.0
ETN,0.16842301129234635
ETO,0.0
ETR,0.03546766592404379
ETRN,0.13665658569519396
ETV,0.0
ETW,0.0
ETWO,2.3147500484118932
ETX,0.0
ETY,0.0
EURN,0.19667654332993037
EVA,0.040493044881452826
EVC,0.08552443997248811
EVF,0.0
EVG,0.0
EVH,0.18844692615609607
EVN,0.0
EVR,0.5575630076337876
EVRG,-6.725767876164143e-05
EVRI,4.105086094816474
EVT,0.0
EVTC,0.007094875034707714
EW,0.1770258196934189
EXG,0.0
EXK,1.9429190787402295
EXP,0.08182156549547435
EXPR,2.946370676595283
EXR,0.05352398434858219
EXTN,0.0
F,2.5650031416111325
FACA,0.0
FACT,0.0
FAF,0.013662512397467484
FAII,0.6109414492753621
FAM,0.0
FBC,0.03663439868733695
FBHS,0.04236816526507269
FBK,0.0
FBP,0.16573893921025507
FC,0.24503963414849675
FCAX,0.0
FCF,0.0
FCN,0.10635372915554599
FCPT,-0.006333884901813552
FCT,0.0
FCX,2.4266263804848824
FDEU,0.0
FDP,-0.007558382506143685
FDX,1.3938206370022554
FE,0.5298843189740287
FEDU,0.0
FEI,0.0
FENG,0.04657357812699381
FERG,0.0
FFA,0.0
FFC,0.0
FFG,0.0
FGB,0.0
FGNA,0.0014398694386993137
FHI,0.0031192748326766156
FHN,0.28380588372900045
FHS,0.0
FI,0.006351124836981333
FICO,2.1648857743964967
FIF,0.0
FINS,0.0
FINV,0.05514839262685862
FIS,0.11705474651634985
FIV,0.0
FIX,0.05286840189818604
FL,0.6450681688384562
FLC,0.0
FLME,0.0
FLNG,0.0
FLO,0.025951602654768244
FLOW,0.009108713573110768
FLR,0.41329254899317225
FLS,0.0321627091187303
FLT,-0.015899903970698886
FLY,0.8385512988406016
FMAC,0.14220869565217392
FMC,0.1402273432510548
FMN,0.0
FMS,0.006246582633107257
FMX,0.005956534524228425
FN,0.05694377819632601
FNB,0.008783809496179068
FND,0.05307686775573077
FNF,0.47203171472234945
FNV,0.6942327557171818
FOA,0.032404475607144045
FOE,0.08180894319397873
FOF,0.0
FOR,-0.0024356332761531186
FOUR,0.3686794802074522
FPAC,0.3550498333333333
FPF,0.0
FPH,0.0
FPI,0.7319043377941901
FPL,0.0
FR,0.7831047775954172
FRA,0.0
FRC,0.06255304648555471
FRO,0.884482963807178
FRT,0.2286903067643095
FRX,5.691906
FRXB,0.0
FSD,0.0
FSK,0.014980126412492524
FSKR,0.007674842268683799
FSLY,-8.523590926275993
FSM,2.1119648256675934
FSNB,0.0
FSR,2.1757365739031083
FSS,0.010311347761852947
FST,0.9280714999999998
FT,0.0
FTAI,3.1762039976455636
FTCH,-0.788001109698296
FTEV,0.0
FTHY,0.0
FTI,0.20845347112094254
FTK,0.6066400650265977
FTS,0.00010815935236472093
FTV,-0.15943157729593427
FUBO,2.124951827251882
FUL,0.07013626277044793
FUN,4.0697874773994025
FUSE,0.0
FVRR,-0.09934274438118419
FVT,0.0
FZT,0.0
G,-0.013383723029094649
GAB,0.0
GAM,0.0
GAPA,0.0
GATO,0.10445243260235834
GATX,-0.32137909604519777
GB,0.0
GBAB,0.0
GBX,0.47765818172335434
GCI,4.397601167102201
GCO,0.3813408904736423
GCP,0.027417566365014117
GCV,0.0
GD,0.2321660439335503
GDDY,0.1277787663584311
GDL,0.0
GDO,0.0
GDOT,-1.223285036953042
GDV,0.0
GE,0.9046155447067491
GEF,0.5608496330928302
GEL,0.38762185374101565
GENI,1.6934174685165424
GEO,-2.502790501839129
GER,0.0
GES,0.9781202779461454
GF,0.0
GFF,-0.0027364214984606024
GFI,0.501363255998913
GFL,0.003977705944448539
GFX,0.0
GGB,0.40145285044126366
GGG,0.013947939041757286
GGT,0.0
GHG,0.0
GHL,0.05555666558566812
GHLD,0.0
GHY,0.0
GIB,0.027159854242330785
GIL,0.04755666212309558
GIM,0.0
GIS,0.4015904394998642
GIX,-1.179978715258666
GKOS,0.0031513613211094447
GL,0.038241549358179076
GLEO,0.0
GLOB,0.05899460734051132
GLOG,0.09107868153688314
GLOP,0.3253627523011155
GLP,0.16725447376765024
GLT,-0.0600497286287949
GLW,0.29693201545835485
GM,1.200166878652496
GME,3.131050063487164
GMED,0.19783541759934883
GMRE,0.022668129043829626
GMS,4.76734921514619
GNE,0.16326775284827005
GNK,0.08416118635158179
GNL,0.0038664145035777675
GNPK,0.010441076244158036
GNRC,0.4383255034239854
GNT,0.0
GNW,0.4994869794459755
GOAC,0.0
GOF,0.0
GOL,0.6871542032864631
GOLD,1.8610892224661755
GOLF,0.007813123300866436
GOOS,-0.26012903577231894
GOTU,-5.995074895827227
GPC,0.4260339579756982
GPI,-0.007181992968088428
GPJA,0.0
GPK,0.08047018933559268
GPM,0.0
GPMT,0.5134526042361045
GPN,-0.027677828079901434
GPOR,0.0
GPRK,0.0
GPS,1.0112670830163217
GPX,-0.003113078046030221
GRA,0.17180188337181643
GRC,0.016038357889029544
GRUB,0.20728002310237623
GRX,0.0
GS,1.8903074061918193
GSAH,3.3230364000000012
GSBD,0.0
GSK,0.04605239515525543
GSL,0.0
GSQD,0.0
GTES,0.0011182248456111407
GTLS,0.08393460930226236
GTN,0.09825535486561743
GTS,-0.006145761084498576
GTT,0.2047348620793313
GTY,0.014194315035963672
GUT,0.0
GVA,0.27440533343675805
GWB,0.0
GWRE,-0.05946842287099582
GWW,0.0677125346705521
H,-0.1169865529558163
HAE,-0.3119781633427516
HAL,0.6394237395243123
HASI,-0.22803125084411277
HAYW,-0.0035875618043255198
HBI,0.33070906193461647
HBM,0.1221132364788284
HCA,0.37461380190618204
HCC,-0.15146174141330548
HCHC,0.005749881001067862
HD,0.25434841385751517
HDB,0.001940931721762808
HE,-0.0004954136320520915
HEI,-0.07325182142937729
HEP,0.022576777902765948
HEQ,0.0
HES,0.7335915605694495
HESM,0.07647088871472986
HEXO,0.8096285122357451
HFC,0.3450408727093892
HFRO,0.0
HGH,0.0
HGLB,0.0
HGV,0.3661968781670778
HHC,0.2204769715950949
HHLA,0.0
HI,-0.040452834236657395
HIE,0.0
HIG,0.28862783765327293
HIGA,0.0
HII,0.42135033657003274
HIL,0.05673843230924614
HIMS,-0.0638951072855716
HIO,0.0
HIW,0.030829823739846503
HIX,0.0
HKIB,0.0
HL,0.4070332360575208
HLF,0.6781840846227264
HLI,0.06767126358804443
HLT,0.7547882837683825
HLX,0.2918191097756781
HMC,0.011495822664106026
HMLP,0.0
HMN,0.0
HMY,0.4081772473574995
HNGR,0.0
HNI,0.009344593134100491
HNP,0.00015068132399002746
HOG,2.024145672836772
HOME,3.952184109818382
HP,0.7613107450147508
HPE,0.22156170953161677
HPF,0.0
HPI,0.0
HPP,0.02563897115135459
HPQ,0.11327164609093629
HPS,0.0
HPX,0.0
HQH,0.0
HQL,0.0
HR,-0.00044818555336518807
HRB,0.8061328038310837
HRC,0.027932188452579058
HRI,0.39691207076551227
HRL,0.08662999479611388
HRTG,0.0940558601604352
HSBC,0.009507747753203302
HSC,0.06697527702362754
HSY,0.1467837628545607
HT,0.3454263506621269
HTA,-0.004951001056531313
HTD,0.0
HTGC,0.04945535024566022
HTH,0.0830377025229444
HTPA,0.0
HTY,0.0
HUBB,0.0
HUBS,0.5454201552479299
HUGS,0.0
HUM,-0.03898207446210652
HUN,0.022489611672770984
HUYA,-1.6140110506253018
HVT,0.18705930386841058
HWM,0.5410422441412492
HXL,0.01432783443140909
HY,0.02472048766303666
HYB,0.0
HYI,0.0
HYLN,0.20338122461042457
HYT,0.0
HZAC,0.0
HZN,0.03885621290627588
HZO,0.5429742687915097
HZON,3.1286584761904774
IAA,1.2613314117279988
IACA,-0.015654940711462468
IACB,0.0
IACC,0.0
IAE,0.0
IAG,0.6036424649523096
IBA,0.0
IBER,0.0
IBM,0.39635615218999226
IBN,0.024922347706083228
IBP,-0.0033303215642665187
ICE,0.05245710091226148
ICL,0.0
IDA,0.048006078453815694
IDE,0.0
IDT,0.8418150672495487
IEX,0.02655804809817415
IFF,0.022147407608805014
IFFT,0.0
IFN,0.0
IFS,0.0
IGA,0.0
IGD,0.0
IGI,0.0
IGR,0.0
IGT,2.617709719462843
IH,0.0
IHC,0.0
IHD,0.0
IHG,0.0
IHIT,0.0
IIAC,0.0
IIF,0.0
IIIN,0.3044981335678377
IIM,0.0
IIPR,0.1966015078710199
IMAX,1.1575899456926932
IMPX,0.0
INFO,0.032035338637871204
INFY,0.01922224187438153
ING,0.011766737723208178
INGR,0.053561269198229185
INN,0.0412323779107917
INSI,0.0
INSP,-0.15920243784635343
INSW,0.056591639459250394
INT,-0.061276637332187585
INVH,0.05490852844129067
IO,-0.7635077558534774
IP,1.4787838076510094
IPG,0.18073279411540996
IPI,0.49653709785871436
IPOD,-1.2244456521739147
IPOE,12.658453540372673
IPOF,3.124260782608697
IPVA,0.0
IPVF,0.0
IQI,0.0
IQV,0.3451472127578643
IR,0.01716591230964269
IRM,0.9585455069679347
IRR,0.0
IRS,0.0
IRT,0.06262550966488543
ISD,0.0
ISOS,0.0
IT,1.0487742831730584
ITCB,0.0
ITGR,0.08466968318656341
ITT,-0.003347154471544717
ITUB,0.0064419931035478595
ITW,0.1281762372499677
IVAN,0.0
IVC,0.013541041604455496
IVH,0.0
IVR,3.2171003537329956
IVZ,0.33271279158255507
IX,0.0
J,0.061447343633175514
JAX,0.02525765773097115
JBGS,0.0056157777872767834
JBL,0.2624666978808037
JBT,0.0646560107161074
JCE,0.0
JCI,0.5287582817200649
JCO,0.0
JDD,0.0
JEF,0.7240067516372167
JELD,0.11332184110183358
JEMD,0.0
JEQ,0.0
JFR,0.0
JGH,0.0
JHB,0.0
JHG,1.055990783962278e-05
JHS,0.0
JHX,0.0
JIH,0.6823455072463769
JKS,-0.5058346618099547
JLL,0.3950976052664765
JLS,0.0
JMIA,0.9210077605836935
JMP,0.0
JNJ,0.36424582892480406
JNPR,0.7450560523380537
JOE,0.2725598716862615
JOF,0.0
JP,0.0
JPC,0.0
JPI,0.0
JPM,0.6782894261595754
JPS,0.0
JQC,0.0
JRI,0.0
JRO,0.0
JRS,0.0
JSD,0.0
JT,0.0
JTA,0.0
JTD,0.0
JWN,2.6778146189417815
JWSM,0.0
K,0.6555605638000163
KAHC,0.0
KAI,0.0
KAMN,0.0
KAR,0.6021536360291789
KB,0.020495905898088716
KBH,0.25115882232964276
KBR,0.16818747280215152
KCAC,0.0
KEN,0.0
KEP,0.010871745398302091
KEX,0.10888844522086354
KEY,0.3219839992529857
KEYS,0.24495765550659063
KFS,0.0
KFY,0.03399999729663518
KGC,0.8963505629559146
KIM,0.049706408124656695
KIO,0.0
KKR,0.13248995543829972
KKRS,0.0
KL,1.2765738200092127
KMB,-0.09872860510024345
KMF,0.0
KMI,0.5572371259379238
KMPR,0.0
KMT,-0.02507863494301205
KMX,-0.09422404512096079
KN,0.2807608726693532
KNL,0.26753400922761794
KNOP,0.19926901782321912
KNX,0.44368417651991926
KO,0.347279684105604
KODK,-0.6343562417541881
KOF,0.0020831951141914544
KOP,-0.06937854355338988
KOS,0.10152491378380031
KR,-0.22223106208352664
KRA,-0.08419910535845097
KRC,0.12128102298000426
KREF,0.027448942691149936
KRG,0.030466536971796812
KRO,0.03644028900584015
KRP,-0.38000924316957696
KSM,0.0
KSS,1.5307211973361405
KSU,0.0704856077569704
KT,0.4104172493034095
KTB,0.10158785573756149
KTF,0.0
KUKE,0.0
KW,-0.02538711020402933
KWAC,0.0
KWR,0.01906359816197664
KYN,0.25861425520338654
L,0.05955043148359453
LAC,0.8941991404255291
LAD,-0.0868965655424241
LADR,0.1198644847535929
LAIX,0.0
LAZ,0.047974262050105125
LB,0.7732908937093901
LBRT,0.3105801982089634
LC,1.3750105602158769
LCI,-0.3508547372216478
LCII,0.017461480543326125
LDL,0.1879877318352105
LDOS,0.003885584656993674
LDP,0.0
LEA,0.10003850237757254
LEAF,3.8934597058539056
LEAP,0.0
LEG,0.3167609848561498
LEJU,-0.007898830228326997
LEN,-0.49342454500756067
LEO,0.0
LEV,1.3587306537724553
LEVI,1.447189405852014
LFC,-0.0002870124677890265
LFT,3.6081713535008465e-05
LGI,0.0
LGV,0.0
LH,0.5080376663254863
LHC,0.0
LHX,0.16305657526475423
LII,0.07743089362628287
LIN,0.1327533497228005
LINX,0.0
LITB,0.0
LL,1.446875000645979
LLY,0.3274897150122121
LMND,-2.870501789176092
LMT,0.7393744597300687
LNC,0.9899076338456809
LND,0.0
LNFA,0.0
LNN,0.034051889729053715
LOKB,0.0
LOKM,0.0
LOMA,0.029378442558819832
LOW,0.03602417599387329
LPG,0.4180120343733997
LPI,1.5883387189668388
LPL,-0.11812813132570762
LPX,1.0047112898002377
LRN,1.05048959869079
LSI,-0.04488050595054348
LSPD,0.3898915204645304
LTC,-0.06636034762381307
LTHM,0.5290728755013929
LU,-0.0075431391591943096
LUB,0.0
LUMN,0.6252869267642382
LUV,1.0969637221478317
LVS,1.3827683031741547
LW,0.016400328135081212
LXP,0.011904799081900752
LXU,1.1779840759705396
LYB,0.2760914195477666
LYG,0.004108956601678079
LYV,1.4828347631022998
LZB,0.08496222397569524
M,2.705360398449386
MA,0.38468030598055913
MAA,0.23007572646987803
MAC,1.9655367867852596
MACC,0.0
MAIN,0.07984157764083469
MAN,0.11860053865953395
MANU,-1.7942133967807792
MAS,0.0017568749261877962
MATX,0.08755117109015573
MAV,0.0
MAX,0.0
MAXR,0.5850643891970481
MBAC,0.0
MBI,2.0351879200053182
MBT,0.007969889334072748
MC,-0.0027861147061328936
MCA,0.0
MCD,0.31239101239248823
MCI,0.0
MCK,0.3681275715212642
MCN,0.0
MCO,0.022225053418803414
MCR,0.0
MCS,0.47475677965514096
MCY,0.09865544987367708
MD,0.06214664441141202
MDC,-0.024623108962807397
MDH,0.0
MDLA,-0.08973260856227765
MDP,0.332169139746589
MDT,0.15892758353288006
MDU,0.08914635689139015
MEC,0.0
MED,0.8708961335602514
MEG,0.1340423163015179
MEI,0.14264695225899268
MET,0.1682537507752453
MFA,0.1671121758280387
MFC,-0.006612819472900181
MFG,-7.876341768196211e-07
MFGP,0.014751017511996443
MFL,0.0
MFM,0.0
MG,0.29087473858732865
MGA,0.38906831983368406
MGF,0.0
MGM,1.8913186311456793
MGP,0.08062954395482547
MGR,0.0
MGRB,0.0
MGU,0.0
MGY,0.011486905395588451
MHD,0.0
MHF,0.0
MHI,0.0
MHK,0.3419009001634619
MHN,0.0
MHO,0.1075063310266045
MIC,0.7849495269245148
MIE,0.0
MIN,0.0
MIT,0.0
MITT,1.9393714375366258
MIXT,0.0178712251410187
MIY,0.0
MKC,0.06306732659491178
MKL,0.19427241516031765
MLI,0.06958049245139461
MLM,0.5087758237466515
MLP,0.0
MLR,0.0
MMC,0.047679012389086485
MMD,0.0
MMI,0.0
MMM,0.28374509756761945
MMP,0.5829244774221727
MMS,0.010472772523939966
MMT,0.0
MMU,0.0
MN,0.0008719976399501713
MNR,0.047327385260055095
MNRL,0.01820443501085633
MNSO,0.000608644917558914
MO,0.46457655256132774
MOD,0.0
MODN,-0.05593143015619872
MOGU,0.0
MOH,0.16842636986301374
MOS,2.2383279238994795
MOTV,0.0
MOV,0.12842972974258599
MP,-1.201637899021278
MPA,0.0
MPC,0.6095264459555988
MPLN,0.22937875225517868
MPLX,0.15285076744151452
MPV,0.0
MPW,-0.008562427745664701
MPX,0.005830460390155464
MQT,0.0
MQY,0.0
MRC,0.018715036343301284
MRK,0.3043462310965911
MRO,1.4231312124166264
MS,0.6688702646602616
MSA,0.004501712716329931
MSB,0.9362454754226559
MSC,0.0
MSCI,0.042831553322959855
MSD,0.0
MSGE,0.16912453887498236
MSGN,0.048185821037701894
MSGS,0.20231516507818148
MSI,0.11435129795046119
MSM,0.26868164262036603
MSP,0.0016753916520963294
MT,1.4770673731137167
MTB,0.16175080184159846
MTCN,0.0
MTD,0.02332675144774768
MTDR,1.13682698811511
MTG,0.4823774002014945
MTH,0.5205491837948178
MTL,0.006332657367022034
MTN,0.09499310778497261
MTOR,-0.0384099061838383
MTRN,0.059473352848080856
MTW,0.8172285269151792
MTX,0.0
MTZ,0.3335877045525569
MUA,0.0
MUC,0.0
MUE,0.0
MUFG,0.0028114551406200183
MUI,0.0
MUJ,0.0
MUR,0.9593877614306939
MUSA,0.02466362683117354
MUX,0.8217942987898812
MVF,0.0
MVO,0.0
MVT,0.0
MWA,0.05152146361358925
MX,1.086284556899169
MXF,0.0
MXL,0.15600252232706793
MYC,0.0
MYD,0.0
MYE,0.0
MYI,0.0
MYJ,0.0
MYN,0.0
MYOV,0.7522925323860518
MYTE,0.0
NAC,0.0
NAD,0.0
NAN,0.0
NAPA,0.010376299667909908
NAT,0.490227837608667
NAV,0.023972063123166937
NAZ,0.0
NBB,0.0
NBHC,0.0
NCA,0.0
NCLH,4.168739593640237
NCR,2.9325732620320855
NCV,0.0
NCZ,0.0
NDMO,0.0
NEA,0.0
NEE,0.29154472978203116
NEM,1.2397226052956973
NEP,-0.05382097822515563
NET,1.1132580932537361
NETI,0.0
NEU,-0.0182885416878276
NEV,0.0
NEW,0.004948210340384247
NEWR,1.1487847337924157
NEX,1.8066035037990924
NEXA,0.0
NFG,0.03682330306305174
NFH,0.0
NFJ,0.0
NGAB,0.0
NGC,0.0
NGG,0.00788086139284083
NGL,0.18171066858762694
NGS,0.13955797256168748
NGVC,-0.01078708186566177
NGVT,0.07318594451138642
NHF,0.0
NHI,-0.04053949218853174
NI,0.05153126363610418
NID,0.0
NIE,0.0
NIM,0.0
NINE,0.0
NIO,-1.2207256492002487
NIQ,0.0
NJR,0.0
NKE,0.060439003979857235
NKG,0.0
NKX,0.0
NL,0.0
NLS,4.111103433823029
NLSN,0.29792701465161797
NLY,0.33338329075178275
NM,0.5946059566009079
NMCO,0.0
NMM,6.214216423597615
NMR,0.001447156148624692
NMZ,0.0
NNA,0.3309590439458821
NNI,0.01163575909024498
NNN,0.04257785787932455
NNY,0.0
NOA,0.09734644232122791
NOAH,-0.3295147346736262
NOC,0.6469753258810035
NOK,0.31900842227224546
NOMD,0.08999577087819995
NOV,0.4921117434550793
NOVA,-0.20121964670399137
NOW,-0.06796984970021538
NP,0.0
NPO,0.04133532343573752
NPTN,0.2325120399525195
NPV,0.0
NQP,0.0
NR,0.020893617407697164
NRG,-0.2191910575928039
NRGX,0.0
NRK,0.0
NRP,-0.12148350951713131
NRUC,0.0
NRZ,0.6381573269829721
NS,0.038773419941435114
NSA,0.06999849359490652
NSC,0.18608464770056926
NSH,0.0
NSL,0.0
NSP,0.061168469308758217
NSS,0.0
NSTB,0.8399249999999999
NSTC,0.0
NTB,0.0
NTCO,0.0
NTP,0.2199145869491117
NTR,0.23196445013013467
NTST,0.0
NTZ,0.0
NUE,2.27539447894395
NUO,0.0
NUS,0.4066173008666642
NUV,0.0
NUVB,0.0
NUW,0.0
NVG,0.0
NVGS,0.34351685732707443
NVO,0.04536116608483531
NVRO,-0.10419747122272165
NVS,0.02891128849789411
NVST,0.23958816767245794
NVT,0.10001173977606996
NVTA,-0.25789244837470554
NWG,0.006836881235306515
NWHM,0.0
NWN,0.0
NX,0.0
NXJ,0.0
NXP,0.0
NXQ,0.0
NXR,0.0
NXRT,0.0
NXU,0.0
NYCB,-0.009896361542613967
NYT,-0.6354446327662666
NZF,0.0
O,0.17499552701730425
OACB,0.0
OC,0.40756734743335993
OCA,0.0
OCFT,0.0
OEC,0.03754629890488159
OFC,0.005710162310161808
OFG,0.06192015994038641
OGE,0.030396208186517507
OGS,-0.0069146211718387005
OHI,-0.019949889297531512
OI,0.2049881535044614
OIA,0.0
OII,0.09980477590039534
OIS,0.1379090892550141
OKE,0.43076032824528676
OLN,0.8502576460567636
OLO,0.0
OLP,0.0
OMC,0.07790366345673924
OMF,0.0006358703641251029
OMI,-0.34451415341657193
ONE,0.0
ONTF,0.0
ONTO,0.08336172362394163
OOMA,0.06761274416688536
OPA,0.0
OPP,0.0
OPY,1.4047266483993415
OR,0.3011691652141253
ORA,-0.385731794675916
ORAN,0.007670054843069901
ORC,0.1431871204064866
ORCC,0.061009838976539985
ORCL,0.47153517123946864
ORI,0.09529865544802253
ORN,0.10192817092551507
OSCR,0.012780048379135286
OSG,-0.05429543826105122
OSH,0.024053904241410372
OSK,0.3807029269780333
OTIS,0.09602130126081115
OUST,0.20507576980636097
OUT,0.20367530892501673
OVV,0.24835323320635314
OXM,-0.030923957305469044
OXY,1.7531530022885693
PAC,0.0
PACE,-0.0003475555555555103
PACK,0.03994451165511222
PAG,0.12796571408168095
PAGS,2.529112617622456
PAM,-0.0008766196345431887
PANW,0.6463745113857138
PAR,0.14025831034116668
PARR,0.2746648316652983
PATH,0.0001270434511478964
PAYC,-0.16150949719051483
PB,0.02891454472646312
PBA,0.053070099040145174
PBF,1.5712464306646696
PBFX,0.09083563551015901
PBH,0.03530491759975288
PBI,0.5969597077946129
PBR,0.16426698864031794
PBT,0.350370775507696
PCG,-0.06152662289742068
PCGU,0.0
PCI,0.0
PCK,0.0
PCM,0.0
PCN,0.0
PCPC,0.0
PCQ,0.0
PD,0.18391402985560495
PDAC,1.299376333333334
PDI,0.0
PDM,0.0
PDO,0.0
PDOT,0.0
PDS,0.33564090682385417
PDT,0.0
PEAK,0.025658848153216254
PEB,0.0
PEG,0.035875149343015465
PEI,0.5629598730818677
PEN,-0.07993617298356022
PEO,0.0
PFD,0.0
PFE,0.6236759195748995
PFGC,-0.1744340645657436
PFH,0.0
PFL,0.0
PFN,0.0
PFO,0.0
PFS,0.033696267750906006
PFSI,1.2788790838544275
PG,0.18737305235973586
PGP,0.0
PGR,0.12304577657653812
PGRE,0.02509730551270114
PGTI,-0.03560377649725189
PH,-0.009725549644380955
PHD,0.0
PHG,-0.0020493538772723965
PHI,0.0
PHK,0.0
PHM,0.6468545176188772
PHR,0.08655524768223484
PHT,0.0
PHX,0.21347206133659072
PIAI,0.0
PICC,0.0
PII,0.15202913761447284
PIM,0.0
PING,0.5538866738787315
PINS,-0.1647994301127048
PIPP,1.2108778870633916
PIPR,0.016629992817087165
PJT,-0.016796949473366532
PK,0.8260706459124247
PKE,0.012964804377949416
PKG,0.11614310124619295
PKI,0.18244558503379052
PKO,0.0
PKX,0.08846266755755042
PLAN,0.20047758477654737
PLD,0.1503132447385887
PLNT,0.756881906882121
PLOW,-0.030438494142050312
PLT,0.3139432904718002
PLTR,0.3259062825865529
PLYM,0.0
PM,0.22569427654080912
PMF,0.0
PML,0.0
PMM,0.0
PMO,0.0
PMT,0.2924897141926529
PMVC,0.0
PMX,0.0
PNC,0.4118599067474135
PNI,0.0
PNM,-0.02844426613825984
PNR,0.06515511286130589
PNTM,0.0
PNW,0.06969279783173825
POR,0.04093587378614663
POST,-0.0025774076047700312
PPG,0.11332905810047021
PPL,0.16392880144131095
PPR,0.0
PPT,0.0
PPX,0.0
PQG,0.0
PRA,0.010216038474239592
PRG,0.23809372502587087
PRGO,0.3640604325014214
PRI,0.0015791891472279698
PRLB,-0.5673829582979923
PRMW,0.07955520480132655
PRO,0.012255706162784156
PROS,0.0
PRPB,-0.6487701690821256
PRPC,0.0
PRS,0.0
PRT,0.0
PRTY,2.830507834662046
PRU,0.8626665228426401
PSA,0.17079522047725512
PSB,0.0
PSF,0.0
PSFE,0.44961308852062287
PSN,0.07417208522158605
PSO,0.0004525713371107425
PSTG,0.13946080544758674
PSTH,9.192687100000002
PSTL,0.0
PSX,0.4984426391669106
PSXP,1.0863006542879237
PTA,0.0
PTR,0.0002800202854177232
PTY,0.0
PUK,4.113764461746846e-06
PUMP,1.0038264346250505
PV,0.0
PVG,0.6721022382772411
PVH,0.906051666350995
PVL,0.0
PWR,0.2888789303111565
PXD,0.2717839616589804
PZC,0.0
PZN,0.0
QD,-0.7712550985695765
QFTA,0.0
QGEN,0.12972540246139552
QS,-3.2781975194212296
QSR,0.3488115985410715
QTS,0.010938320513073837
QTWO,-0.06964529633173143
QUAD,0.04985878164014447
QUOT,-0.004771833809381391
QVCC,0.0
R,0.5116302580116975
RA,0.0
RAAS,0.0
RACE,0.05621943733595696
RAD,1.7048892591459277
RAMP,0.4559080772542962
RBA,0.007978827756041364
RBAC,-1.2301800000000003
RBC,0.011573492093202752
RBLX,0.7395567230444665
RC,0.10424912778337406
RCI,0.0037839299122521637
RCL,1.2913556647654012
RCS,0.0
RCUS,0.004112070760182354
RDN,0.2133490202836966
RDY,0.01007883025602266
RE,0.07610657994774665
RELX,0.0
RENN,0.0052876095105874625
RES,0.03331596264128166
REV,0.019142446229106744
REVG,0.008143573298014033
REXR,0.0
REZI,0.5116836907077481
RF,0.345335569833207
RFI,0.0
RFL,0.0
RFMZ,0.0
RFP,4.166173553978254
RGA,0.006482730377237906
RGR,2.0786232625855905
RGS,-0.9546876737575097
RGT,0.0
RH,2.010037045138795
RHI,-0.03267326349909567
RHP,0.1027721303702196
RICE,0.007006637867453376
RIG,0.6362097437861367
RIO,0.15670657493789014
RJF,0.44388059023313875
RKT,-3.3929069374326937
RKTA,0.0
RL,0.03571380446042647
RLGY,0.6998958155893328
RLI,0.007244139262150812
RLJ,0.049720057422563683
RLX,0.13197641348200173
RM,0.0
RMAX,-0.3872692887182738
RMD,0.02974219681887508
RMM,0.0
RMO,-0.5560847837246716
RMT,0.0
RNG,-0.04265223437176121
RNP,0.0
RNR,-0.010136472574303333
ROG,0.016968650429020626
ROK,-0.030512326354571056
ROL,0.00253032005078985
ROP,0.1075614267360964
ROSS,0.0
ROT,0.0
RPAI,0.15274977537407253
RPM,0.06923301400014921
RPT,0.09089061788467453
RQI,0.0
RRC,1.3593677584980925
RRD,3.568973130193905
RS,0.4292826305433479
RSG,0.027744554942554275
RSI,2.5361845127182625
RTP,-0.4384613043478255
RTPZ,0.0
RTX,0.49941890905785036
RVI,0.0
RVLV,3.3959063667124876
RVT,0.0
RWT,0.8855002203910315
RXN,0.008365946642971588
RY,0.09000060306713166
RYAM,0.13810197414977324
RYB,0.17916621945655917
RYI,0.052494381097302804
RYN,0.23464499636089184
RZA,0.0
RZB,0.0
SA,1.002160019326362
SAFE,0.004995792562241352
SAH,0.06460693263677142
SAIC,0.046602599829739924
SAIL,-0.08281180209365493
SAM,-1.2523880202500952
SAN,0.007781719121566545
SAND,3.0122736552959584
SAP,0.03259821086232937
SAR,0.0
SAVE,5.49331224044228
SB,0.8856533867260689
SBG,0.004330434782608696
SBH,0.17897485302176497
SBI,0.0
SBII,0.0
SBOW,0.0
SBR,0.0
SBS,0.08610943699483
SBSW,0.07368122695526041
SC,0.2293992562665925
SCCO,-0.01141401514427476
SCD,0.0
SCHW,0.3520312835778989
SCI,0.09282581564756118
SCL,0.036174109502390944
SCM,0.1355916859912215
SCPE,0.0
SCS,-0.022782339078686535
SCU,-0.02374448925871165
SCVX,0.0
SD,1.1414713933448264
SDHY,0.0
SE,2.112276717804599
SEAH,4.646717111111111
SEAS,2.34089264068123
SEE,0.44910967216620484
SEM,0.313657489415539
SEMR,0.0
SF,0.12469003672680534
SFE,0.35469280506348727
SFL,0.5331429464529094
SFTW,0.7542662450592885
SGFY,0.009354646864179052
SGU,0.0
SHAK,-0.5221522491501672
SHG,0.0
SHI,0.0
SHLX,0.12010316969098522
SHO,0.009600795655430708
SHOP,4.0758915841150385
SHW,0.3938478545568504
SI,2.480406787211968
SID,0.07165890941852626
SIG,1.3613305137185425
SII,0.629591416121828
SITC,0.02524475628129064
SITE,-0.0012766672250960366
SIX,1.2877568161811201
SJI,-0.009846702310060308
SJM,0.04556035728045349
SJR,0.011426471558550975
SJT,0.6635728157406169
SJW,-0.00033367028213299367
SKLZ,-0.3203748197202629
SKM,0.04631214789568208
SKT,-0.7562911369150285
SKX,0.3641255327844814
SKY,0.12161778889665031
SLAC,0.0
SLB,1.454067357942758
SLCA,1.6111621870215365
SLF,0.07995937112475103
SLG,0.4710461555710842
SLQT,0.09747435172733769
SM,1.1708783675019745
SMAR,0.08939769093293994
SMFG,0.030757109053460123
SMG,-0.2452210778721924
SMHI,0.0
SMM,0.0
SMP,-0.00041376162138305635
SMWB,0.0
SNA,0.3242648888357659
SNAP,2.453517013494313
SNDR,0.005758312325778814
SNII,0.0
SNN,0.06558317400705167
SNOW,0.49437069622445357
SNP,0.0
SNPR,-1.9037886956521741
SNR,0.05302780551883691
SNV,0.12361582599935039
SNX,0.09727438143262335
SO,0.06129100479200768
SOAC,-8.038662333333333
SOGO,-0.1939022359946737
SOI,-0.19313116635584068
SOJB,0.0
SOJC,0.0
SOJD,0.0
SOJE,0.0
SOL,0.06879774681119291
SON,0.017285835839870138
SONY,0.08160695722557289
SOS,0.361643303026615
SPB,0.17493655517005427
SPCE,2.5549241564814777
SPFR,0.0
SPG,1.020566491253293
SPGI,0.32368796180987974
SPGS,0.0
SPH,-0.06505804844725825
SPLP,0.0
SPNT,0.0
SPNV,0.06695080745341614
SPOT,-0.9301280149384512
SPR,1.7206241044182262
SPRQ,-0.9305127536231885
SPXC,0.00726242730805254
SPXX,0.0
SQ,-0.10576143089197153
SQM,-0.2249786612010809
SQNS,0.0
SQSP,0.0
SQZ,0.0
SR,0.0
SRC,0.059467620013555496
SRE,0.03730054730847581
SREA,0.0
SRG,-0.03136084144021952
SRI,0.0
SRL,0.0
SRLP,0.01770096416739637
SRT,0.0
SSD,0.0010269217908797606
SSL,0.03912544602033109
SSTK,0.10343803247495573
ST,0.03363155341348935
STAG,0.2358416796092856
STAR,0.18502609223286867
STC,0.00340043926349999
STE,0.010064162138408831
STEM,0.2043032094833011
STIC,4.884204835856105
STK,0.0
STL,0.06255599189729126
STLA,0.024921528044996474
STM,0.023837017492771912
STN,0.0
STNG,6.236047425851535
STON,0.15113352666938856
STOR,0.106602781384117
STPC,0.0
STRE,0.0
STT,0.1419472216832938
STWD,0.45127159767089225
STZ,0.3358630985876754
SU,0.6916512925591302
SUI,0.06557452662528178
SUM,1.4554457304051123
SUN,0.1758000580521239
SUP,0.17797810051711418
SUPV,0.06096442344694281
SUZ,0.0
SWBK,0.0
SWCH,1.9502013551359751
SWI,-0.0017193100970197446
SWK,0.15354516100202803
SWM,-0.044823658450911484
SWN,0.06373645803948931
SWX,0.0
SWZ,0.0
SXC,0.32550556398317015
SXI,0.0
SXT,0.0
SYF,0.39325549075581323
SYK,0.0113858906370023
SYX,0.0015907060770460081
SYY,0.17559782739693844
T,-0.1091348319327729
TAC,0.0
TACA,0.0
TAK,0.03971856972067789
TAL,-6.51592779068044
TALO,0.6978148200031442
TAP,1.2246022372898286
TARO,0.0
TBA,0.36965703125000005
TBB,0.0
TBC,0.0
TBI,-0.07231190229384914
TCS,0.49140140921255515
TD,0.03808874623850006
TDC,0.6824137773722629
TDF,0.0
TDG,0.16282458061119182
TDOC,-5.2015750744291624
TDS,0.3752219099287534
TDW,0.06756982030355711
TDY,0.03379259987356782
TEAF,0.0
TECK,0.9064880320671873
TEF,0.03686890134720106
TEI,0.0
TEL,0.0073259527289160995
TEN,2.2032456791303674
TEO,0.02739178464338659
TEVA,1.0302206454929408
TEX,0.40994054441260747
TFC,0.15346068379466857
TFII,0.0
TFX,0.013832292156019166
TG,-0.010808424739498406
TGH,1.1890784306785442
TGI,0.10530267972379918
TGNA,0.06819130858983533
TGP,0.25909741545473636
TGS,0.0
TGT,1.4575530452405958
THC,1.3689517865363072
THG,0.0
THO,-0.013385232347632081
THQ,0.0
THR,0.0
THS,0.38193347515177994
THW,0.0
TIMB,0.0
TINV,0.0
TISI,0.5716709704202249
TIXT,0.0
TJX,-0.013036874273436945
TK,0.15047490484664225
TKC,-0.001102422727272727
TKR,0.024339108584836584
TLGA,0.0
TLK,0.0
TLYS,0.6025591386793899
TM,0.019859901872091305
TMAC,0.0
TME,-1.0038145845503839
TMHC,0.0276505733431357
TMO,0.06591626427240323
TMST,1.319505287781661
TMX,0.00035496246235009707
TNC,0.0
TNET,0.03174252618141773
TNK,2.8470566889847273
TNL,0.7518709226810373
TNP,0.05683176511515571
TOL,1.112567574152886
TOT,0.006322621310759053
TPB,-0.08153173787972572
TPC,-0.0656081075814967
TPGS,0.0
TPGY,-1.3219291428571427
TPH,0.044409319504025185
TPR,0.49979650778301477
TPVG,0.0
TPX,0.49007130141855715
TR,0.018921298731706258
TRC,0.014883541761375626
TRCA,0.0
TREB,0.019375652173913047
TREC,0.0
TREX,0.06535862728419069
TRGP,0.48197742280179023
TRI,0.04013980914054876
TRN,0.1270688394392258
TRNO,0.0
TROX,0.9811995299768318
TRP,0.07884804902962206
TRQ,-0.8486680555880918
TRTN,0.44880256500592935
TRTX,0.2285949605747171
TRU,0.057016414009409294
TRV,0.09799880715705765
TS,0.05782128796439159
TSE,0.5027806314879962
TSI,0.0
TSLX,0.0745807292024916
TSM,-0.018855586048647965
TSN,0.6901542006859934
TSPQ,0.0
TSQ,0.00844455081150007
TT,0.016275101709506842
TTC,0.07318630069440252
TTI,1.1712579786318857
TTM,0.041905904466660183
TU,0.016926619926199264
TUFN,-0.005965117213246688
TUP,0.2763480991496856
TUYA,0.0
TV,0.021308077965918874
TVC,0.0
TWI,0.10039378144841563
TWLO,0.27753074768875613
TWND,0.0
TWNI,0.0
TWNT,0.0
TWO,1.1248868905832536
TWOA,0.0
TWTR,0.17949322129560843
TX,0.0636063966150247
TXT,0.14021150032314855
TY,0.0
TYG,0.0
TYL,-0.04345499274866439
U,-0.6123768167886553
UA,1.0080544556133066
UAA,0.7297009273827294
UAN,5.422569956630877
UBA,0.03528552554918228
UBER,0.9824579065841471
UBP,0.0
UBS,0.011221411865739755
UDR,0.0784160935576638
UE,0.003320365050625504
UFI,0.08617852199348654
UFS,1.8897924201032188
UGI,0.036134194121736525
UGP,0.0
UHS,0.7701065027646438
UHT,0.0
UI,0.10081346988733088
UIS,-0.38487806333693914
UL,0.01309487303703306
UMC,0.010512862204499816
UMH,0.07482480840639866
UNF,0.0
UNFI,3.948254012058682
UNH,0.37790584808689426
UNM,0.4546086331785144
UNMA,0.0
UNP,0.4563726922842732
UNVR,1.3608019661494553
UPS,2.033888661661087
URI,0.6612464575285725
USA,0.0
USAC,0.11406780854172792
USB,0.37280931290046593
USDP,0.0
USFD,1.0840514008303934
USM,0.01593766081011542
USNA,0.038018563606217665
USPH,-0.0811083751558166
USX,1.1172860627425059
UTF,0.0
UTI,0.13448683017793253
UTL,0.0
UTZ,0.4448514991972076
UVE,0.003132054590971505
UVV,0.2562551124589009
UWMC,8.756024896369794
UZA,0.0
UZC,0.0
UZD,0.0
UZE,0.0
V,0.7093849581390181
VAC,0.07561372650266338
VAL,0.0
VALE,0.5184414514670869
VAPO,-0.0571439156871663
VBF,0.0
VCIF,0.0
VCRA,-0.03047285667936793
VCV,0.0
VEC,0.02345106472543348
VEDL,0.041536322932202024
VEEV,0.31605627465393826
VEI,0.0
VEL,0.0
VER,0.05172021288844671
VET,0.5730505256648114
VFC,0.29560887192520735
VGAC,1.9788665814570858
VGI,0.0
VGII,0.0
VGM,0.0
VGR,0.07236166442606766
VHC,-0.13880859127899714
VHI,0.0
VICI,0.127843085017134
VIPS,-5.761044910420974
VIST,0.0
VIV,0.0011782955441525245
VKQ,0.0
VLO,0.8281580226879489
VLRS,0.08063308282495002
VMC,0.42357136681017893
VMI,0.1836467016127935
VMO,0.0
VMW,0.9100889167867219
VNCE,0.0
VNE,-0.012123111710312042
VNO,0.10704320167537135
VNT,0.10106241984907435
VNTR,0.3449547438155574
VOC,0.0099
VOYA,0.6071843313061523
VPCC,0.0
VPG,0.0
VPV,0.0
VRS,1.0000128635601986
VRT,0.22341329423127523
VRTV,0.2769244204719188
VSH,0.05405327731897372
VST,0.38306594290031887
VSTO,2.689511056297248
VTA,0.0
VTN,0.0
VTOL,0.0
VTR,0.1601498362905918
VVI,0.004428840873436548
VVNT,0.035053623633305865
VVR,0.0
VVV,0.16317451448507073
VYGG,0.0
VZIO,0.07440077350024692
W,3.834823238083128
WAB,-0.0057196997791751185
WAL,0.08802404744142897
WARR,0.0
WAT,0.06478375587827508
WBK,0.0
WBS,0.021431054992177807
WBT,1.5359739684468452
WCC,0.4076420695031414
WCN,0.025769831376103072
WD,-0.012817809993784188
WDH,0.0
WEA,0.0
WEC,0.010305308013344922
WEI,0.0
WELL,0.08230204265419307
WES,0.13561709534461017
WEX,-0.016428233549393524
WF,0.0
WFC,2.0588690549906126
WFG,0.0298338611205652
WGO,-2.739498048208641
WH,0.5289767106215495
WHD,0.007641002614734785
WHR,0.12429846027329494
WIA,0.0
WIT,0.011953068436533905
WIW,0.0
WK,0.05116100612436197
WLK,0.036157773509231404
WLKP,0.09515694281722363
WLL,1.2094633826285912
WM,0.38437832704763003
WMB,0.5351446140306466
WMC,0.4590368383736154
WMK,0.14441021734975515
WMS,-0.018037351754333665
WMT,0.3468568972570195
WNC,-0.024620415821318433
WNS,0.0001538401703994057
WOR,-0.005149561374862651
WORK,0.9166444377414864
WOW,0.3866341570669298
WPC,0.44084471390422086
WPCA,0.0
WPCB,0.0
WPF,0.986780193236715
WPG,1.9321654831348911
WPM,0.8407814229627353
WPP,0.003083385667776448
WRB,0.004221827074296784
WRE,-0.005098248818566371
WRI,0.05744790017448611
WRK,0.17630007037936785
WSM,-0.49475625527829226
WSO,0.08856233995917796
WSR,-0.04908269364048635
WST,0.05087417657372664
WTI,0.7826332174248268
WTRG,0.015852943346402838
WTS,0.024359074605642045
WTTR,0.04598405038054724
WU,0.3294580319891097
WWE,1.5254990949488052
WWW,-0.014150762296603999
WY,0.10093312333575774
X,4.558200465747165
XEC,0.5089287371153423
XFLT,0.0
XHR,0.044341997809322714
XIN,-0.06790811784889238
XL,-0.85686596316219
XOM,0.38259602941072945
XPEV,-0.17931202316902928
XPO,0.6938118473311738
XPOA,0.7804263333333333
XRX,0.11880180076261845
XYF,0.0
XYL,0.004727518791630295
Y,0.12561764648229887
YAC,0.0
YALA,-0.8740085887193793
YELP,0.7247342873659913
YETI,1.6915246453637882
YEXT,0.23789342645440426
YPF,0.3511415979957512
YRD,0.0321819641812316
YSG,0.008750316690404757
YTPG,0.0
YUM,0.5143625610606486
YUMC,0.15718308697430627
ZBH,0.04879977682112865
ZEN,0.21497702451945352
ZEPP,0.034502233584298735
ZEV,-1.7383998496300932
ZH,0.07944996727120932
ZIM,0.7721821739130436
ZNH,0.00025164995292537284
ZTO,0.19220449732477862
ZTR,0.0
ZTS,0.1296094268414162
ZUO,1.1583745421311267
ZYME,0.030483243335815573
